lote;SKU;descripción;piezas;volumen
3123837358-798374-1;798374;TRU UL C2 3660x1524x18/1RA/TA44;1;0,099
3124063695-798479-0;798479;TRU UL C2 S/F 4880x1220x14/1RA/TA69;0;0,001
3124072737-798479-1;798479;TRU UL C2 S/F 4880x1220x14/1RA/TA69;1;0,083
3124086850-798479-0;798479;TRU UL C2 S/F 4880x1220x14/1RA/TA69;0;0,001
3124086906-798479-0;798479;TRU UL C2 S/F 4880x1220x14/1RA/TA69;0;0,001
3124087032-798479-0;798479;TRU UL C2 S/F 4880x1220x14/1RA/TA69;0;0,001
3124106347-798479-0;798479;TRU UL C2 S/F 4880x1220x14/1RA/TA69;0;0,001
3124110384-798479-0;798479;TRU UL C2 S/F 4880x1220x14/1RA/TA69;0;0,001
3124139039-798479-1;798479;TRU UL C2 S/F 4880x1220x14/1RA/TA69;1;0,082
3124151155-798479-0;798479;TRU UL C2 S/F 4880x1220x14/1RA/TA69;0;0,001
3124153876-798479-0;798479;TRU UL C2 S/F 4880x1220x14/1RA/TA69;0;0,001
3124158031-798479-10;798479;TRU UL C2 S/F 4880x1220x14/1RA/TA69;10;0,834
3124158041-798479-0;798479;TRU UL C2 S/F 4880x1220x14/1RA/TA69;0;0,001
3124168677-798479-69;798479;TRU UL C2 S/F 4880x1220x14/1RA/TA69;69;5,751
3124168727-798479-1;798479;TRU UL C2 S/F 4880x1220x14/1RA/TA69;1;0,084
3124191117-798479-3;798479;TRU UL C2 S/F 4880x1220x14/1RA/TA69;3;0,25
3124199528-798479-0;798479;TRU UL C2 S/F 4880x1220x14/1RA/TA69;0;0,001
3124213712-798479-18;798479;TRU UL C2 S/F 4880x1220x14/1RA/TA69;18;1,5
3124213717-798479-69;798479;TRU UL C2 S/F 4880x1220x14/1RA/TA69;69;5,751
3124213736-798479-8;798479;TRU UL C2 S/F 4880x1220x14/1RA/TA69;8;0,667
3124213737-798479-69;798479;TRU UL C2 S/F 4880x1220x14/1RA/TA69;69;5,751
3124213741-798479-69;798479;TRU UL C2 S/F 4880x1220x14/1RA/TA69;69;5,751
3124213746-798479-54;798479;TRU UL C2 S/F 4880x1220x14/1RA/TA69;54;4,501
3124213769-798479-69;798479;TRU UL C2 S/F 4880x1220x14/1RA/TA69;69;5,751
3124213772-798479-69;798479;TRU UL C2 S/F 4880x1220x14/1RA/TA69;69;5,751
3124213864-798479-16;798479;TRU UL C2 S/F 4880x1220x14/1RA/TA69;16;1,333
3124219128-798479-62;798479;TRU UL C2 S/F 4880x1220x14/1RA/TA69;62;5,168
3124004664-798496-0;798496;TRU UL C2 S/F 4880x1220x12/1RA/TA78;0;0,001
3124054220-798496-78;798496;TRU UL C2 S/F 4880x1220x12/1RA/TA78;78;5,573
3124073588-798496-0;798496;TRU UL C2 S/F 4880x1220x12/1RA/TA78;0;0,001
3124081809-798496-1;798496;TRU UL C2 S/F 4880x1220x12/1RA/TA78;1;0,071
3124087293-798496-1;798496;TRU UL C2 S/F 4880x1220x12/1RA/TA78;1;0,071
3124109971-798496-1;798496;TRU UL C2 S/F 4880x1220x12/1RA/TA78;1;0,071
3124112728-798496-1;798496;TRU UL C2 S/F 4880x1220x12/1RA/TA78;1;0,071
3124124494-798496-0;798496;TRU UL C2 S/F 4880x1220x12/1RA/TA78;0;0,001
3124157724-798496-0;798496;TRU UL C2 S/F 4880x1220x12/1RA/TA78;0;0,001
3124191272-798496-78;798496;TRU UL C2 S/F 4880x1220x12/1RA/TA78;78;5,573
3124191381-798496-60;798496;TRU UL C2 S/F 4880x1220x12/1RA/TA78;60;4,287
3124191415-798496-78;798496;TRU UL C2 S/F 4880x1220x12/1RA/TA78;78;5,573
3124191423-798496-78;798496;TRU UL C2 S/F 4880x1220x12/1RA/TA78;78;5,573
3124191428-798496-15;798496;TRU UL C2 S/F 4880x1220x12/1RA/TA78;15;1,072
3124193156-798496-78;798496;TRU UL C2 S/F 4880x1220x12/1RA/TA78;78;5,573
3124193163-798496-78;798496;TRU UL C2 S/F 4880x1220x12/1RA/TA78;78;5,573
3124193164-798496-78;798496;TRU UL C2 S/F 4880x1220x12/1RA/TA78;78;5,573
3124193426-798496-78;798496;TRU UL C2 S/F 4880x1220x12/1RA/TA78;78;5,573
3124193496-798496-78;798496;TRU UL C2 S/F 4880x1220x12/1RA/TA78;78;5,573
3124193506-798496-78;798496;TRU UL C2 S/F 4880x1220x12/1RA/TA78;78;5,573
3124195330-798496-0;798496;TRU UL C2 S/F 4880x1220x12/1RA/TA78;0;0,001
3124217889-798496-78;798496;TRU UL C2 S/F 4880x1220x12/1RA/TA78;78;5,573
3124218009-798496-78;798496;TRU UL C2 S/F 4880x1220x12/1RA/TA78;78;5,573
3124218010-798496-78;798496;TRU UL C2 S/F 4880x1220x12/1RA/TA78;78;5,573
3124218014-798496-78;798496;TRU UL C2 S/F 4880x1220x12/1RA/TA78;78;5,573
3124218024-798496-78;798496;TRU UL C2 S/F 4880x1220x12/1RA/TA78;78;5,573
3124218025-798496-78;798496;TRU UL C2 S/F 4880x1220x12/1RA/TA78;78;5,573
3124218030-798496-78;798496;TRU UL C2 S/F 4880x1220x12/1RA/TA78;78;5,573
3124218042-798496-78;798496;TRU UL C2 S/F 4880x1220x12/1RA/TA78;78;5,573
3124218065-798496-78;798496;TRU UL C2 S/F 4880x1220x12/1RA/TA78;78;5,573
3124218068-798496-18;798496;TRU UL C2 S/F 4880x1220x12/1RA/TA78;18;1,286
3124218084-798496-46;798496;TRU UL C2 S/F 4880x1220x12/1RA/TA78;46;3,286
3124218094-798496-78;798496;TRU UL C2 S/F 4880x1220x12/1RA/TA78;78;5,573
3124218114-798496-42;798496;TRU UL C2 S/F 4880x1220x12/1RA/TA78;42;3,001
3124219099-798496-79;798496;TRU UL C2 S/F 4880x1220x12/1RA/TA78;79;5,644
3124223173-798496-78;798496;TRU UL C2 S/F 4880x1220x12/1RA/TA78;78;5,573
3124223174-798496-78;798496;TRU UL C2 S/F 4880x1220x12/1RA/TA78;78;5,573
3124223177-798496-78;798496;TRU UL C2 S/F 4880x1220x12/1RA/TA78;78;5,573
3124223178-798496-78;798496;TRU UL C2 S/F 4880x1220x12/1RA/TA78;78;5,573
3124223181-798496-78;798496;TRU UL C2 S/F 4880x1220x12/1RA/TA78;78;5,573
3124223182-798496-78;798496;TRU UL C2 S/F 4880x1220x12/1RA/TA78;78;5,573
3124223185-798496-78;798496;TRU UL C2 S/F 4880x1220x12/1RA/TA78;78;5,573
3124223186-798496-78;798496;TRU UL C2 S/F 4880x1220x12/1RA/TA78;78;5,573
3124223189-798496-78;798496;TRU UL C2 S/F 4880x1220x12/1RA/TA78;78;5,573
3124223190-798496-78;798496;TRU UL C2 S/F 4880x1220x12/1RA/TA78;78;5,573
3124223200-798496-78;798496;TRU UL C2 S/F 4880x1220x12/1RA/TA78;78;5,573
3124223687-798496-78;798496;TRU UL C2 S/F 4880x1220x12/1RA/TA78;78;5,573
3124223688-798496-78;798496;TRU UL C2 S/F 4880x1220x12/1RA/TA78;78;5,573
3124223689-798496-78;798496;TRU UL C2 S/F 4880x1220x12/1RA/TA78;78;5,573
3124223690-798496-78;798496;TRU UL C2 S/F 4880x1220x12/1RA/TA78;78;5,573
3124223691-798496-78;798496;TRU UL C2 S/F 4880x1220x12/1RA/TA78;78;5,573
3124223701-798496-78;798496;TRU UL C2 S/F 4880x1220x12/1RA/TA78;78;5,573
3124223702-798496-78;798496;TRU UL C2 S/F 4880x1220x12/1RA/TA78;78;5,573
3124223713-798496-78;798496;TRU UL C2 S/F 4880x1220x12/1RA/TA78;78;5,573
3124223720-798496-78;798496;TRU UL C2 S/F 4880x1220x12/1RA/TA78;78;5,573
3124223724-798496-78;798496;TRU UL C2 S/F 4880x1220x12/1RA/TA78;78;5,573
3124223729-798496-78;798496;TRU UL C2 S/F 4880x1220x12/1RA/TA78;78;5,573
3124223730-798496-62;798496;TRU UL C2 S/F 4880x1220x12/1RA/TA78;62;4,429
3124224093-798496-78;798496;TRU UL C2 S/F 4880x1220x12/1RA/TA78;78;5,573
3124047912-798499-1;798499;TRU UL C2 S/F 4880x1220x17/1RA/TA54;1;0,101
3124048029-798499-1;798499;TRU UL C2 S/F 4880x1220x17/1RA/TA54;1;0,1
3124077626-798499-1;798499;TRU UL C2 S/F 4880x1220x17/1RA/TA54;1;0,101
3124086231-798499-1;798499;TRU UL C2 S/F 4880x1220x17/1RA/TA54;1;0,101
3124116425-798499-1;798499;TRU UL C2 S/F 4880x1220x17/1RA/TA54;1;0,101
3124116429-798499-1;798499;TRU UL C2 S/F 4880x1220x17/1RA/TA54;1;0,101
3124123671-798499-0;798499;TRU UL C2 S/F 4880x1220x17/1RA/TA54;0;0,001
3124123674-798499-1;798499;TRU UL C2 S/F 4880x1220x17/1RA/TA54;1;0,101
3124123718-798499-1;798499;TRU UL C2 S/F 4880x1220x17/1RA/TA54;1;0,101
3124123764-798499-54;798499;TRU UL C2 S/F 4880x1220x17/1RA/TA54;54;5,465
3124154808-798499-0;798499;TRU UL C2 S/F 4880x1220x17/1RA/TA54;0;0,001
3124157582-798499-1;798499;TRU UL C2 S/F 4880x1220x17/1RA/TA54;1;0,101
3124168222-798499-1;798499;TRU UL C2 S/F 4880x1220x17/1RA/TA54;1;0,101
3124176661-798499-0;798499;TRU UL C2 S/F 4880x1220x17/1RA/TA54;0;0,001
3124193903-798499-24;798499;TRU UL C2 S/F 4880x1220x17/1RA/TA54;24;2,429
3124194768-798499-0;798499;TRU UL C2 S/F 4880x1220x17/1RA/TA54;0;0,001
3124194834-798499-54;798499;TRU UL C2 S/F 4880x1220x17/1RA/TA54;54;5,465
3124211998-798499-15;798499;TRU UL C2 S/F 4880x1220x17/1RA/TA54;15;1,518
3124215118-798499-30;798499;TRU UL C2 S/F 4880x1220x17/1RA/TA54;30;3,036
3124215127-798499-54;798499;TRU UL C2 S/F 4880x1220x17/1RA/TA54;54;5,465
3124215184-798499-54;798499;TRU UL C2 S/F 4880x1220x17/1RA/TA54;54;5,465
3124215197-798499-54;798499;TRU UL C2 S/F 4880x1220x17/1RA/TA54;54;5,465
3124219698-798499-5;798499;TRU UL C2 S/F 4880x1220x17/1RA/TA54;5;0,506
3124222558-798499-54;798499;TRU UL C2 S/F 4880x1220x17/1RA/TA54;54;5,465
3124222559-798499-54;798499;TRU UL C2 S/F 4880x1220x17/1RA/TA54;54;5,465
3124222567-798499-54;798499;TRU UL C2 S/F 4880x1220x17/1RA/TA54;54;5,465
3124222570-798499-54;798499;TRU UL C2 S/F 4880x1220x17/1RA/TA54;54;5,465
3124222571-798499-54;798499;TRU UL C2 S/F 4880x1220x17/1RA/TA54;54;5,465
3124222573-798499-54;798499;TRU UL C2 S/F 4880x1220x17/1RA/TA54;54;5,465
3124082640-798502-1;798502;TRU UL C2 S/F 5185x1220x17/1RA/TA54;1;0,107
3124101749-798502-0;798502;TRU UL C2 S/F 5185x1220x17/1RA/TA54;0;0,001
3124164960-798502-25;798502;TRU UL C2 S/F 5185x1220x17/1RA/TA54;25;2,689
3124191870-798502-54;798502;TRU UL C2 S/F 5185x1220x17/1RA/TA54;54;5,807
3124191871-798502-19;798502;TRU UL C2 S/F 5185x1220x17/1RA/TA54;19;2,044
3124191875-798502-16;798502;TRU UL C2 S/F 5185x1220x17/1RA/TA54;16;1,721
3124191912-798502-21;798502;TRU UL C2 S/F 5185x1220x17/1RA/TA54;21;2,258
3124191913-798502-21;798502;TRU UL C2 S/F 5185x1220x17/1RA/TA54;21;2,258
3124191988-798502-45;798502;TRU UL C2 S/F 5185x1220x17/1RA/TA54;45;4,839
3124191989-798502-45;798502;TRU UL C2 S/F 5185x1220x17/1RA/TA54;45;4,839
3124200373-798502-50;798502;TRU UL C2 S/F 5185x1220x17/1RA/TA54;50;5,377
3124200380-798502-49;798502;TRU UL C2 S/F 5185x1220x17/1RA/TA54;49;5,269
3124200392-798502-54;798502;TRU UL C2 S/F 5185x1220x17/1RA/TA54;54;5,807
3124214482-798502-38;798502;TRU UL C2 S/F 5185x1220x17/1RA/TA54;38;4,086
3124214489-798502-13;798502;TRU UL C2 S/F 5185x1220x17/1RA/TA54;13;1,398
3124168426-798511-19;798511;TRU UL C2 S/F 4270x1220x15/1RA/TA64L2;19;1,485
3124168450-798511-10;798511;TRU UL C2 S/F 4270x1220x15/1RA/TA64L2;10;0,781
3124214058-798511-44;798511;TRU UL C2 S/F 4270x1220x15/1RA/TA64L2;44;3,438
3124214178-798511-42;798511;TRU UL C2 S/F 4270x1220x15/1RA/TA64L2;42;3,282
3124214179-798511-42;798511;TRU UL C2 S/F 4270x1220x15/1RA/TA64L2;42;3,282
3124042835-798521-18;798521;TRU UL C2 S/F 4270x1220x14/1RA/TA69;18;1,312
3124172687-798521-12;798521;TRU UL C2 S/F 4270x1220x14/1RA/TA69;12;0,875
3124040017-798537-18;798537;TRU UL C2 S/F 2135x1220x15/1RA/TA64;18;0,703
3124046208-798537-28;798537;TRU UL C2 S/F 2135x1220x15/1RA/TA64;28;1,094
3124152581-798537-1;798537;TRU UL C2 S/F 2135x1220x15/1RA/TA64;1;0,039
3124160474-798537-64;798537;TRU UL C2 S/F 2135x1220x15/1RA/TA64;64;2,501
3124160488-798537-41;798537;TRU UL C2 S/F 2135x1220x15/1RA/TA64;41;1,602
3124160489-798537-64;798537;TRU UL C2 S/F 2135x1220x15/1RA/TA64;64;2,501
3124160496-798537-6;798537;TRU UL C2 S/F 2135x1220x15/1RA/TA64;6;0,234
3124160497-798537-64;798537;TRU UL C2 S/F 2135x1220x15/1RA/TA64;64;2,501
3124160504-798537-12;798537;TRU UL C2 S/F 2135x1220x15/1RA/TA64;12;0,469
3124160516-798537-1;798537;TRU UL C2 S/F 2135x1220x15/1RA/TA64;1;0,038
3124160549-798537-40;798537;TRU UL C2 S/F 2135x1220x15/1RA/TA64;40;1,563
3124063426-876899-54;876899;TRU UL C2 S/F 3660x1220x18/1RA/TA54;54;4,34
3124063429-876899-54;876899;TRU UL C2 S/F 3660x1220x18/1RA/TA54;54;4,34
3124063435-876899-6;876899;TRU UL C2 S/F 3660x1220x18/1RA/TA54;6;0,482
3124063439-876899-54;876899;TRU UL C2 S/F 3660x1220x18/1RA/TA54;54;4,34
3124063445-876899-54;876899;TRU UL C2 S/F 3660x1220x18/1RA/TA54;54;4,34
3124063447-876899-54;876899;TRU UL C2 S/F 3660x1220x18/1RA/TA54;54;4,34
3124063453-876899-14;876899;TRU UL C2 S/F 3660x1220x18/1RA/TA54;14;1,125
3124158141-888779-3;888779;TRU UL C2 S/F 2135x1220x14/1RA/TA69;3;0,109
3124164466-888779-69;888779;TRU UL C2 S/F 2135x1220x14/1RA/TA69;69;2,516
3124164568-888779-69;888779;TRU UL C2 S/F 2135x1220x14/1RA/TA69;69;2,516
3124195400-888779-69;888779;TRU UL C2 S/F 2135x1220x14/1RA/TA69;69;2,516
3124195407-888779-69;888779;TRU UL C2 S/F 2135x1220x14/1RA/TA69;69;2,516
3124195419-888779-33;888779;TRU UL C2 S/F 2135x1220x14/1RA/TA69;33;1,203
3124199408-888779-69;888779;TRU UL C2 S/F 2135x1220x14/1RA/TA69;69;2,516
3124199410-888779-21;888779;TRU UL C2 S/F 2135x1220x14/1RA/TA69;21;0,766
3124199411-888779-69;888779;TRU UL C2 S/F 2135x1220x14/1RA/TA69;69;2,516
3124199412-888779-69;888779;TRU UL C2 S/F 2135x1220x14/1RA/TA69;69;2,516
3124199413-888779-69;888779;TRU UL C2 S/F 2135x1220x14/1RA/TA69;69;2,516
3124199419-888779-69;888779;TRU UL C2 S/F 2135x1220x14/1RA/TA69;69;2,516
3124199420-888779-69;888779;TRU UL C2 S/F 2135x1220x14/1RA/TA69;69;2,516
3124199421-888779-69;888779;TRU UL C2 S/F 2135x1220x14/1RA/TA69;69;2,516
3124199423-888779-36;888779;TRU UL C2 S/F 2135x1220x14/1RA/TA69;36;1,313
3124199425-888779-69;888779;TRU UL C2 S/F 2135x1220x14/1RA/TA69;69;2,516
3124087451-891197-27;891197;TRU UL C2 S/F 3660x1220x12/1RA/TA78;27;1,447
3124087461-891197-21;891197;TRU UL C2 S/F 3660x1220x12/1RA/TA78;21;1,125
3124087863-891197-1;891197;TRU UL C2 S/F 3660x1220x12/1RA/TA78;1;0,053
3124114942-891197-9;891197;TRU UL C2 S/F 3660x1220x12/1RA/TA78;9;0,482
3124114943-891197-51;891197;TRU UL C2 S/F 3660x1220x12/1RA/TA78;51;2,732
3124164223-891197-33;891197;TRU UL C2 S/F 3660x1220x12/1RA/TA78;33;1,768
3124172575-891197-36;891197;TRU UL C2 S/F 3660x1220x12/1RA/TA78;36;1,929
3124172584-891197-78;891197;TRU UL C2 S/F 3660x1220x12/1RA/TA78;78;4,179
3124172588-891197-78;891197;TRU UL C2 S/F 3660x1220x12/1RA/TA78;78;4,179
3124172607-891197-48;891197;TRU UL C2 S/F 3660x1220x12/1RA/TA78;48;2,572
3124196385-891197-78;891197;TRU UL C2 S/F 3660x1220x12/1RA/TA78;78;4,179
3124196386-891197-78;891197;TRU UL C2 S/F 3660x1220x12/1RA/TA78;78;4,179
3124196387-891197-78;891197;TRU UL C2 S/F 3660x1220x12/1RA/TA78;78;4,179
3124196391-891197-78;891197;TRU UL C2 S/F 3660x1220x12/1RA/TA78;78;4,179
3124196396-891197-78;891197;TRU UL C2 S/F 3660x1220x12/1RA/TA78;78;4,179
3124196397-891197-78;891197;TRU UL C2 S/F 3660x1220x12/1RA/TA78;78;4,179
3124196401-891197-78;891197;TRU UL C2 S/F 3660x1220x12/1RA/TA78;78;4,179
3124196402-891197-78;891197;TRU UL C2 S/F 3660x1220x12/1RA/TA78;78;4,179
3124196409-891197-47;891197;TRU UL C2 S/F 3660x1220x12/1RA/TA78;47;2,518
3124196455-891197-78;891197;TRU UL C2 S/F 3660x1220x12/1RA/TA78;78;4,179
3124219220-891197-18;891197;TRU UL C2 S/F 3660x1220x12/1RA/TA78;18;0,964
3123735724-891200-10;891200;TRU UL C2 S/F 3660x1220x15/1RA/TA64;10;0,67
3124087147-891200-42;891200;TRU UL C2 S/F 3660x1220x15/1RA/TA64;42;2,813
3124166532-891200-53;891200;TRU UL C2 S/F 3660x1220x15/1RA/TA64;53;3,55
3124170571-891201-23;891201;TRU UL C2 S/F 5185x1220x18/1RA/TA54;23;2,619
3124170577-891201-54;891201;TRU UL C2 S/F 5185x1220x18/1RA/TA54;54;6,149
3124170586-891201-8;891201;TRU UL C2 S/F 5185x1220x18/1RA/TA54;8;0,911
3124170596-891201-8;891201;TRU UL C2 S/F 5185x1220x18/1RA/TA54;8;0,911
3124198323-891201-46;891201;TRU UL C2 S/F 5185x1220x18/1RA/TA54;46;5,238
3124072176-902667-1;902667;TRU UL C2 S/F 4880x1220x20/1RA/TA48;1;0,119
3124105833-902667-1;902667;TRU UL C2 S/F 4880x1220x20/1RA/TA48;1;0,119
3124171345-902667-1;902667;TRU UL C2 S/F 4880x1220x20/1RA/TA48;1;0,119
3124048530-1069778-1;1069778;TRU UL C2 S/F 4880x1220x25/1RA/TA36;1;0,148
3124066866-1069778-1;1069778;TRU UL C2 S/F 4880x1220x25/1RA/TA36;1;0,148
3124171484-1069778-36;1069778;TRU UL C2 S/F 4880x1220x25/1RA/TA36;36;5,358
3124178482-1069778-12;1069778;TRU UL C2 S/F 4880x1220x25/1RA/TA36;12;1,786
3124178503-1069778-14;1069778;TRU UL C2 S/F 4880x1220x25/1RA/TA36;14;2,084
3123956105-1069779-0;1069779;TRU UL C2 S/F 5185x1220x25/1RA/TA38;0;0,001
3124171383-1069779-10;1069779;TRU UL C2 S/F 5185x1220x25/1RA/TA38;10;1,581
3124171384-1069779-4;1069779;TRU UL C2 S/F 5185x1220x25/1RA/TA38;4;0,633
3124171400-1069779-8;1069779;TRU UL C2 S/F 5185x1220x25/1RA/TA38;8;1,265
3124171420-1069779-26;1069779;TRU UL C2 S/F 5185x1220x25/1RA/TA38;26;4,111
3123965698-1069780-1;1069780;TRU UL C2 S/F 4880x1220x30/1RA/TA30;1;0,177
3124069986-1069780-1;1069780;TRU UL C2 S/F 4880x1220x30/1RA/TA30;1;0,178
3124088112-1069780-17;1069780;TRU UL C2 S/F 4880x1220x30/1RA/TA30;17;3,036
3124088113-1069780-8;1069780;TRU UL C2 S/F 4880x1220x30/1RA/TA30;8;1,429
3124077222-1173881-1;1173881;TRU UL C2 S/F 3660x1220x14/1RA/TA64;1;0,062
3124154272-1173881-4;1173881;TRU UL C2 S/F 3660x1220x14/1RA/TA64;4;0,25
3124172992-1173881-53;1173881;TRU UL C2 S/F 3660x1220x14/1RA/TA64;53;3,313
3124172994-1173881-64;1173881;TRU UL C2 S/F 3660x1220x14/1RA/TA64;64;4,001
3124219352-1173881-60;1173881;TRU UL C2 S/F 3660x1220x14/1RA/TA64;60;3,751
3124219359-1173881-64;1173881;TRU UL C2 S/F 3660x1220x14/1RA/TA64;64;4,001
3124219367-1173881-64;1173881;TRU UL C2 S/F 3660x1220x14/1RA/TA64;64;4,001
3124048459-1178345-1;1178345;TRU UL C2 S/F 5185x1220x20/1RA/TA48;1;0,126
3124066325-1178345-0;1178345;TRU UL C2 S/F 5185x1220x20/1RA/TA48;0;0,001
3124066337-1178345-48;1178345;TRU UL C2 S/F 5185x1220x20/1RA/TA48;48;6,073
3124066341-1178345-48;1178345;TRU UL C2 S/F 5185x1220x20/1RA/TA48;48;6,073
3124123482-1178345-29;1178345;TRU UL C2 S/F 5185x1220x20/1RA/TA48;29;3,669
3124157491-1178345-0;1178345;TRU UL C2 S/F 5185x1220x20/1RA/TA48;0;0,001
3124157492-1178345-3;1178345;TRU UL C2 S/F 5185x1220x20/1RA/TA48;3;0,38
3124157496-1178345-20;1178345;TRU UL C2 S/F 5185x1220x20/1RA/TA48;20;2,53
3124157502-1178345-48;1178345;TRU UL C2 S/F 5185x1220x20/1RA/TA48;48;6,073
3124048645-1178346-1;1178346;TRU UL C2 S/F 4880x1220x28/1RA/TA34;1;0,166
3123956019-1178347-1;1178347;TRU UL C2 S/F 4880x1220x22/1RA/TA44;1;0,13
3124065917-1178347-10;1178347;TRU UL C2 S/F 4880x1220x22/1RA/TA44;10;1,31
3124066129-1178347-44;1178347;TRU UL C2 S/F 4880x1220x22/1RA/TA44;44;5,763
3124066130-1178347-44;1178347;TRU UL C2 S/F 4880x1220x22/1RA/TA44;44;5,763
3124066138-1178347-44;1178347;TRU UL C2 S/F 4880x1220x22/1RA/TA44;44;5,763
3124066144-1178347-6;1178347;TRU UL C2 S/F 4880x1220x22/1RA/TA44;6;0,786
3124066148-1178347-44;1178347;TRU UL C2 S/F 4880x1220x22/1RA/TA44;44;5,763
3124048086-1178348-54;1178348;TRU UL C2 S/F 4324x1220x17/1RA/TA54;54;4,843
3124048105-1178348-59;1178348;TRU UL C2 S/F 4324x1220x17/1RA/TA54;59;5,291
3124055801-1178348-54;1178348;TRU UL C2 S/F 4324x1220x17/1RA/TA54;54;4,843
3124055808-1178348-28;1178348;TRU UL C2 S/F 4324x1220x17/1RA/TA54;28;2,511
3124123824-1178348-22;1178348;TRU UL C2 S/F 4324x1220x17/1RA/TA54;22;1,973
3124123829-1178348-45;1178348;TRU UL C2 S/F 4324x1220x17/1RA/TA54;45;4,036
3124123830-1178348-10;1178348;TRU UL C2 S/F 4324x1220x17/1RA/TA54;10;0,897
3124023069-1178349-14;1178349;TRU UL C2 S/F 4270x1220x17/1RA/TA54;14;1,24
3124110487-1178349-0;1178349;TRU UL C2 S/F 4270x1220x17/1RA/TA54;0;0,001
3124179255-1178349-26;1178349;TRU UL C2 S/F 4270x1220x17/1RA/TA54;26;2,302
3124179268-1178349-54;1178349;TRU UL C2 S/F 4270x1220x17/1RA/TA54;54;4,782
3124179286-1178349-8;1178349;TRU UL C2 S/F 4270x1220x17/1RA/TA54;8;0,709
3124194076-1178349-54;1178349;TRU UL C2 S/F 4270x1220x17/1RA/TA54;54;4,782
3124194077-1178349-54;1178349;TRU UL C2 S/F 4270x1220x17/1RA/TA54;54;4,782
3124194283-1178349-54;1178349;TRU UL C2 S/F 4270x1220x17/1RA/TA54;54;4,782
3124194284-1178349-54;1178349;TRU UL C2 S/F 4270x1220x17/1RA/TA54;54;4,782
3124194285-1178349-54;1178349;TRU UL C2 S/F 4270x1220x17/1RA/TA54;54;4,782
3124068934-1178351-0;1178351;TRU UL C2 S/F 4880x1220x15/1RA/TA64L2;0;0,001
3124068939-1178351-0;1178351;TRU UL C2 S/F 4880x1220x15/1RA/TA64L2;0;0,001
3124072512-1178351-0;1178351;TRU UL C2 S/F 4880x1220x15/1RA/TA64L2;0;0,001
3124077484-1178351-1;1178351;TRU UL C2 S/F 4880x1220x15/1RA/TA64L2;1;0,089
3124124010-1178351-1;1178351;TRU UL C2 S/F 4880x1220x15/1RA/TA64L2;1;0,089
3124154749-1178351-1;1178351;TRU UL C2 S/F 4880x1220x15/1RA/TA64L2;1;0,089
3124200166-1178351-0;1178351;TRU UL C2 S/F 4880x1220x15/1RA/TA64L2;0;0,001
3124219444-1178351-64;1178351;TRU UL C2 S/F 4880x1220x15/1RA/TA64L2;64;5,715
3124219467-1178351-39;1178351;TRU UL C2 S/F 4880x1220x15/1RA/TA64L2;39;3,483
3124219470-1178351-64;1178351;TRU UL C2 S/F 4880x1220x15/1RA/TA64L2;64;5,715
3124219476-1178351-4;1178351;TRU UL C2 S/F 4880x1220x15/1RA/TA64L2;4;0,357
3124219509-1178351-64;1178351;TRU UL C2 S/F 4880x1220x15/1RA/TA64L2;64;5,715
3124219510-1178351-10;1178351;TRU UL C2 S/F 4880x1220x15/1RA/TA64L2;10;0,893
3124219511-1178351-64;1178351;TRU UL C2 S/F 4880x1220x15/1RA/TA64L2;64;5,715
3124219522-1178351-33;1178351;TRU UL C2 S/F 4880x1220x15/1RA/TA64L2;33;2,946
3124219534-1178351-17;1178351;TRU UL C2 S/F 4880x1220x15/1RA/TA64L2;17;1,518
3124219539-1178351-20;1178351;TRU UL C2 S/F 4880x1220x15/1RA/TA64L2;20;1,786
3124222452-1178351-64;1178351;TRU UL C2 S/F 4880x1220x15/1RA/TA64L2;64;5,715
3124059973-1178355-1;1178355;TRU UL C2 S/F 4880x1220x18/1RA/TA54L2;1;0,106
3124060108-1178355-1;1178355;TRU UL C2 S/F 4880x1220x18/1RA/TA54L2;1;0,106
3124065111-1178355-1;1178355;TRU UL C2 S/F 4880x1220x18/1RA/TA54L2;1;0,106
3124068052-1178355-1;1178355;TRU UL C2 S/F 4880x1220x18/1RA/TA54L2;1;0,106
3124068100-1178355-1;1178355;TRU UL C2 S/F 4880x1220x18/1RA/TA54L2;1;0,107
3124068118-1178355-1;1178355;TRU UL C2 S/F 4880x1220x18/1RA/TA54L2;1;0,106
3124088060-1178355-1;1178355;TRU UL C2 S/F 4880x1220x18/1RA/TA54L2;1;0,107
3124088079-1178355-1;1178355;TRU UL C2 S/F 4880x1220x18/1RA/TA54L2;1;0,107
3124113483-1178355-1;1178355;TRU UL C2 S/F 4880x1220x18/1RA/TA54L2;1;0,107
3124113896-1178355-1;1178355;TRU UL C2 S/F 4880x1220x18/1RA/TA54L2;1;0,107
3124122883-1178355-1;1178355;TRU UL C2 S/F 4880x1220x18/1RA/TA54L2;1;0,107
3124159743-1178355-0;1178355;TRU UL C2 S/F 4880x1220x18/1RA/TA54L2;0;0,001
3124198260-1178355-54;1178355;TRU UL C2 S/F 4880x1220x18/1RA/TA54L2;54;5,787
3124200497-1178355-54;1178355;TRU UL C2 S/F 4880x1220x18/1RA/TA54L2;54;5,787
3124200561-1178355-54;1178355;TRU UL C2 S/F 4880x1220x18/1RA/TA54L2;54;5,787
3124211858-1178355-5;1178355;TRU UL C2 S/F 4880x1220x18/1RA/TA54L2;5;0,536
3124212727-1178355-6;1178355;TRU UL C2 S/F 4880x1220x18/1RA/TA54L2;6;0,643
3124212754-1178355-54;1178355;TRU UL C2 S/F 4880x1220x18/1RA/TA54L2;54;5,787
3124212757-1178355-29;1178355;TRU UL C2 S/F 4880x1220x18/1RA/TA54L2;29;3,108
3124212788-1178355-21;1178355;TRU UL C2 S/F 4880x1220x18/1RA/TA54L2;21;2,25
3124212806-1178355-54;1178355;TRU UL C2 S/F 4880x1220x18/1RA/TA54L2;54;5,787
3124077371-1178356-1;1178356;TRU UL C2 S/F 4570x1220x15/1RA/TA64L2;1;0,083
3124214182-1178356-1;1178356;TRU UL C2 S/F 4570x1220x15/1RA/TA64L2;1;0,084
3124214197-1178356-65;1178356;TRU UL C2 S/F 4570x1220x15/1RA/TA64L2;65;5,436
3124214208-1178356-65;1178356;TRU UL C2 S/F 4570x1220x15/1RA/TA64L2;65;5,436
3124214238-1178356-65;1178356;TRU UL C2 S/F 4570x1220x15/1RA/TA64L2;65;5,436
3124214254-1178356-65;1178356;TRU UL C2 S/F 4570x1220x15/1RA/TA64L2;65;5,436
3124214264-1178356-52;1178356;TRU UL C2 S/F 4570x1220x15/1RA/TA64L2;52;4,349
3124214271-1178356-14;1178356;TRU UL C2 S/F 4570x1220x15/1RA/TA64L2;14;1,171
3123964319-1178357-1;1178357;TRU UL C2 S/F 4270x1220x12/1RA/TA78L2;1;0,062
3123964333-1178357-1;1178357;TRU UL C2 S/F 4270x1220x12/1RA/TA78L2;1;0,062
3124124601-1178357-0;1178357;TRU UL C2 S/F 4270x1220x12/1RA/TA78L2;0;0,001
3124124623-1178357-0;1178357;TRU UL C2 S/F 4270x1220x12/1RA/TA78L2;0;0,001
3124195590-1178357-78;1178357;TRU UL C2 S/F 4270x1220x12/1RA/TA78L2;78;4,876
3124195601-1178357-63;1178357;TRU UL C2 S/F 4270x1220x12/1RA/TA78L2;63;3,938
3124195613-1178357-78;1178357;TRU UL C2 S/F 4270x1220x12/1RA/TA78L2;78;4,876
3124195616-1178357-78;1178357;TRU UL C2 S/F 4270x1220x12/1RA/TA78L2;78;4,876
3124195617-1178357-78;1178357;TRU UL C2 S/F 4270x1220x12/1RA/TA78L2;78;4,876
3124195619-1178357-30;1178357;TRU UL C2 S/F 4270x1220x12/1RA/TA78L2;30;1,875
3124195634-1178357-78;1178357;TRU UL C2 S/F 4270x1220x12/1RA/TA78L2;78;4,876
3124195639-1178357-8;1178357;TRU UL C2 S/F 4270x1220x12/1RA/TA78L2;8;0,5
3124195640-1178357-76;1178357;TRU UL C2 S/F 4270x1220x12/1RA/TA78L2;76;4,751
3124045731-1178358-1;1178358;TRU UL C2 S/F 4324x1220x15/1RA/TA64L2;1;0,077
3124057477-1178358-23;1178358;TRU UL C2 S/F 4324x1220x15/1RA/TA64L2;23;1,82
3124057489-1178358-23;1178358;TRU UL C2 S/F 4324x1220x15/1RA/TA64L2;23;1,82
3124057498-1178358-6;1178358;TRU UL C2 S/F 4324x1220x15/1RA/TA64L2;6;0,475
3124106099-1178358-11;1178358;TRU UL C2 S/F 4324x1220x15/1RA/TA64L2;11;0,87
3124115549-1178358-28;1178358;TRU UL C2 S/F 4324x1220x15/1RA/TA64L2;28;2,215
3124115567-1178358-14;1178358;TRU UL C2 S/F 4324x1220x15/1RA/TA64L2;14;1,108
3124118174-1178358-64;1178358;TRU UL C2 S/F 4324x1220x15/1RA/TA64L2;64;5,064
3124123862-1178358-64;1178358;TRU UL C2 S/F 4324x1220x15/1RA/TA64L2;64;5,064
3124123863-1178358-27;1178358;TRU UL C2 S/F 4324x1220x15/1RA/TA64L2;27;2,136
3124123867-1178358-64;1178358;TRU UL C2 S/F 4324x1220x15/1RA/TA64L2;64;5,064
3124002546-1178360-0;1178360;TRU UL C2 S/F 5185x1220x14/1RA/TA69;0;0,001
3124179745-1178360-45;1178360;TRU UL C2 S/F 5185x1220x14/1RA/TA69;45;3,985
3124198333-1178360-12;1178360;TRU UL C2 S/F 5185x1220x14/1RA/TA69;12;1,063
3124198337-1178360-33;1178360;TRU UL C2 S/F 5185x1220x14/1RA/TA69;33;2,923
3124199874-1178360-18;1178360;TRU UL C2 S/F 5185x1220x14/1RA/TA69;18;1,594
3124199931-1178360-69;1178360;TRU UL C2 S/F 5185x1220x14/1RA/TA69;69;6,111
3123950649-1178362-1;1178362;TRU LI C2 S/F 4270x1220x9/1RA/TA108;1;0,046
3124172716-1178362-1;1178362;TRU LI C2 S/F 4270x1220x9/1RA/TA108;1;0,046
3124200080-1178362-39;1178362;TRU LI C2 S/F 4270x1220x9/1RA/TA108;39;1,829
3124200082-1178362-21;1178362;TRU LI C2 S/F 4270x1220x9/1RA/TA108;21;0,985
3124200085-1178362-68;1178362;TRU LI C2 S/F 4270x1220x9/1RA/TA108;68;3,188
3124200086-1178362-48;1178362;TRU LI C2 S/F 4270x1220x9/1RA/TA108;48;2,251
3124200105-1178362-108;1178362;TRU LI C2 S/F 4270x1220x9/1RA/TA108;108;5,064
3123980372-1178363-1;1178363;TRU LI C2 S/F 4880x1220x9/1RA/TA108;1;0,053
3123980390-1178363-0;1178363;TRU LI C2 S/F 4880x1220x9/1RA/TA108;0;0,001
3124048168-1178363-108;1178363;TRU LI C2 S/F 4880x1220x9/1RA/TA108;108;5,787
3124048175-1178363-84;1178363;TRU LI C2 S/F 4880x1220x9/1RA/TA108;84;4,501
3124048213-1178363-108;1178363;TRU LI C2 S/F 4880x1220x9/1RA/TA108;108;5,787
3124048221-1178363-5;1178363;TRU LI C2 S/F 4880x1220x9/1RA/TA108;5;0,268
3124048222-1178363-61;1178363;TRU LI C2 S/F 4880x1220x9/1RA/TA108;61;3,269
3124048227-1178363-108;1178363;TRU LI C2 S/F 4880x1220x9/1RA/TA108;108;5,787
3124121066-1178369-1;1178369;TRU UL C2 S/F 5185x1220x12/1RA/TA78;1;0,075
3124193584-1178369-78;1178369;TRU UL C2 S/F 5185x1220x12/1RA/TA78;78;5,921
3124193586-1178369-78;1178369;TRU UL C2 S/F 5185x1220x12/1RA/TA78;78;5,921
3124193603-1178369-78;1178369;TRU UL C2 S/F 5185x1220x12/1RA/TA78;78;5,921
3124193614-1178369-69;1178369;TRU UL C2 S/F 5185x1220x12/1RA/TA78;69;5,238
3123956182-1178374-11;1178374;TRU UL C2 S/F 5185x1220x30/1RA/TA30;11;2,087
3124066361-1178374-20;1178374;TRU UL C2 S/F 5185x1220x30/1RA/TA30;20;3,795
3124066401-1178374-1;1178374;TRU UL C2 S/F 5185x1220x30/1RA/TA30;1;0,189
3123896022-1178375-54;1178375;TRU LI C2 S/F 4880x1220x10/1RA/TA96;54;3,215
3123896035-1178375-58;1178375;TRU LI C2 S/F 4880x1220x10/1RA/TA96;58;3,453
3124072443-1178379-0;1178379;TRU UL C2 S/F 5185x1220x15/1RA/TA64;0;0,001
3124088550-1178379-1;1178379;TRU UL C2 S/F 5185x1220x15/1RA/TA64;1;0,094
3124090103-1178379-0;1178379;TRU UL C2 S/F 5185x1220x15/1RA/TA64;0;0,001
3124100213-1178379-1;1178379;TRU UL C2 S/F 5185x1220x15/1RA/TA64;1;0,094
3124115819-1178379-0;1178379;TRU UL C2 S/F 5185x1220x15/1RA/TA64;0;0,001
3124115831-1178379-1;1178379;TRU UL C2 S/F 5185x1220x15/1RA/TA64;1;0,094
3124124174-1178379-64;1178379;TRU UL C2 S/F 5185x1220x15/1RA/TA64;64;6,073
3124124178-1178379-64;1178379;TRU UL C2 S/F 5185x1220x15/1RA/TA64;64;6,073
3124124190-1178379-64;1178379;TRU UL C2 S/F 5185x1220x15/1RA/TA64;64;6,073
3124124192-1178379-64;1178379;TRU UL C2 S/F 5185x1220x15/1RA/TA64;64;6,073
3124193783-1178379-3;1178379;TRU UL C2 S/F 5185x1220x15/1RA/TA64;3;0,285
3124214433-1178379-8;1178379;TRU UL C2 S/F 5185x1220x15/1RA/TA64;8;0,759
3124214442-1178379-64;1178379;TRU UL C2 S/F 5185x1220x15/1RA/TA64;64;6,073
3124214447-1178379-48;1178379;TRU UL C2 S/F 5185x1220x15/1RA/TA64;48;4,555
3123786960-1178380-0;1178380;TRU UL C2 S/F 4324x1220x12/1RA/TA78;0;0,001
3124106034-1178381-64;1178381;TRU UL C2 S/F 4376x1220x15/1RA/TA64;64;5,125
3124073687-1274922-54;1274922;TRU LI C2 4900x1220x17/1RA/TA-RIP54;54;5,488
3124073701-1274922-54;1274922;TRU LI C2 4900x1220x17/1RA/TA-RIP54;54;5,488
3124073702-1274922-54;1274922;TRU LI C2 4900x1220x17/1RA/TA-RIP54;54;5,488
3124073703-1274922-54;1274922;TRU LI C2 4900x1220x17/1RA/TA-RIP54;54;5,488
3124073711-1274922-54;1274922;TRU LI C2 4900x1220x17/1RA/TA-RIP54;54;5,488
3123846030-1278137-66;1278137;TRU UL C2 MOL 2440x1524x12/1RA/TA66;66;2,945
3124061465-1598610-0;1598610;TRU UL C2 S/F 4880x1220x11/1RA/TA78;0;0,001
3124174405-1598610-8;1598610;TRU UL C2 S/F 4880x1220x11/1RA/TA78;8;0,524
3124219121-1598610-78;1598610;TRU UL C2 S/F 4880x1220x11/1RA/TA78;78;5,108
3124219148-1598610-78;1598610;TRU UL C2 S/F 4880x1220x11/1RA/TA78;78;5,108
3124219149-1598610-78;1598610;TRU UL C2 S/F 4880x1220x11/1RA/TA78;78;5,108
3124219150-1598610-78;1598610;TRU UL C2 S/F 4880x1220x11/1RA/TA78;78;5,108
3124219157-1598610-78;1598610;TRU UL C2 S/F 4880x1220x11/1RA/TA78;78;5,108
3124219159-1598610-18;1598610;TRU UL C2 S/F 4880x1220x11/1RA/TA78;18;1,179
3124219182-1598610-78;1598610;TRU UL C2 S/F 4880x1220x11/1RA/TA78;78;5,108
3124219185-1598610-78;1598610;TRU UL C2 S/F 4880x1220x11/1RA/TA78;78;5,108
3123821133-1619237-1;1619237;TRU UL C2 3050x1220x18/1RA/TA54;1;0,066
3124168366-1630154-23;1630154;TRU UL C2 S/F 4570x1220x17/1RA/TA54;23;2,18
3124191737-1630154-54;1630154;TRU UL C2 S/F 4570x1220x17/1RA/TA54;54;5,118
3124191742-1630154-54;1630154;TRU UL C2 S/F 4570x1220x17/1RA/TA54;54;5,118
3124191751-1630154-31;1630154;TRU UL C2 S/F 4570x1220x17/1RA/TA54;31;2,938
3124191752-1630154-31;1630154;TRU UL C2 S/F 4570x1220x17/1RA/TA54;31;2,938
3124191763-1630154-32;1630154;TRU UL C2 S/F 4570x1220x17/1RA/TA54;32;3,033
3124048681-1636605-15;1636605;TRU UL C2 S/F 4880x1220x29/1RA/TA30;15;2,59
3124057562-1643189-3;1643189;TRU UL C2 S/F4475x1220x18/1RA/TA54L2;3;0,295
3124057563-1643189-54;1643189;TRU UL C2 S/F4475x1220x18/1RA/TA54L2;54;5,307
3123726030-1645163-33;1645163;TRU UL C2 S/F 5185x1220x22/1RA/TA44;33;4,593
3124171293-1645163-44;1645163;TRU UL C2 S/F 5185x1220x22/1RA/TA44;44;6,123
3124171294-1645163-44;1645163;TRU UL C2 S/F 5185x1220x22/1RA/TA44;44;6,123
3124171298-1645163-44;1645163;TRU UL C2 S/F 5185x1220x22/1RA/TA44;44;6,123
3124171300-1645163-44;1645163;TRU UL C2 S/F 5185x1220x22/1RA/TA44;44;6,123
3124171304-1645163-44;1645163;TRU UL C2 S/F 5185x1220x22/1RA/TA44;44;6,123
3124171305-1645163-44;1645163;TRU UL C2 S/F 5185x1220x22/1RA/TA44;44;6,123
3124171315-1645163-12;1645163;TRU UL C2 S/F 5185x1220x22/1RA/TA44;12;1,67
3124171316-1645163-44;1645163;TRU UL C2 S/F 5185x1220x22/1RA/TA44;44;6,123
3124171322-1645163-44;1645163;TRU UL C2 S/F 5185x1220x22/1RA/TA44;44;6,123
3124170350-1655064-30;1655064;TRU LI C2 S/F 5185x1220x15/1RA/TA35;30;2,847
3124170361-1655064-35;1655064;TRU LI C2 S/F 5185x1220x15/1RA/TA35;35;3,321
3124170392-1655064-35;1655064;TRU LI C2 S/F 5185x1220x15/1RA/TA35;35;3,321
3124170393-1655064-35;1655064;TRU LI C2 S/F 5185x1220x15/1RA/TA35;35;3,321
3124170412-1655064-35;1655064;TRU LI C2 S/F 5185x1220x15/1RA/TA35;35;3,321
3124170416-1655064-35;1655064;TRU LI C2 S/F 5185x1220x15/1RA/TA35;35;3,321
3124192199-1655064-32;1655064;TRU LI C2 S/F 5185x1220x15/1RA/TA35;32;3,036
3124154148-1678693-36;1678693;TRU LI C2 4880x1220x15/1RA/TA37;36;3,215
3124154149-1678693-36;1678693;TRU LI C2 4880x1220x15/1RA/TA37;36;3,215
3124170279-1678693-37;1678693;TRU LI C2 4880x1220x15/1RA/TA37;37;3,304
3124170283-1678693-37;1678693;TRU LI C2 4880x1220x15/1RA/TA37;37;3,304
3124170284-1678693-37;1678693;TRU LI C2 4880x1220x15/1RA/TA37;37;3,304
3124170289-1678693-37;1678693;TRU LI C2 4880x1220x15/1RA/TA37;37;3,304
3124178418-1678693-2;1678693;TRU LI C2 4880x1220x15/1RA/TA37;2;0,179
3124178441-1678693-17;1678693;TRU LI C2 4880x1220x15/1RA/TA37;17;1,518
3124044471-1757700-1;1757700;TRU UL C2 4880x1220x20/1RA/TA48;1;0,117
3124068465-1757707-42;1757707;TRU UL C2 5185x1220x15/1RA/TA63;42;3,985
3123740255-1762761-8;1762761;TRU UL C2 2160X1524X17/1RA/TA64;8;0,448
3124078488-1764691-54;1764691;TRU ST C2 S/F 2076x1220x17/1RA/TA54;54;2,325
3124078489-1764691-38;1764691;TRU ST C2 S/F 2076x1220x17/1RA/TA54;38;1,636
3124078490-1764691-40;1764691;TRU ST C2 S/F 2076x1220x17/1RA/TA54;40;1,722
3124078491-1764691-12;1764691;TRU ST C2 S/F 2076x1220x17/1RA/TA54;12;0,517
3124078492-1764691-54;1764691;TRU ST C2 S/F 2076x1220x17/1RA/TA54;54;2,325
3123845807-1764692-13;1764692;TRU ST C2 S/F 2482x1220x17/1RA/TA54;13;0,669
3124078446-1764692-54;1764692;TRU ST C2 S/F 2482x1220x17/1RA/TA54;54;2,78
3124078449-1764692-24;1764692;TRU ST C2 S/F 2482x1220x17/1RA/TA54;24;1,236
3124164663-1790259-53;1790259;TRU UL C2 S/F 2185x1220x15/1RA/TA64;53;2,119
3124177800-1790263-18;1790263;TRU UL C2 S/F 2160x1220x15/1RA/TA64;18;0,712
3124177801-1790263-64;1790263;TRU UL C2 S/F 2160x1220x15/1RA/TA64;64;2,53
3124177803-1790263-64;1790263;TRU UL C2 S/F 2160x1220x15/1RA/TA64;64;2,53
3124177831-1790263-28;1790263;TRU UL C2 S/F 2160x1220x15/1RA/TA64;28;1,107
3124177840-1790263-64;1790263;TRU UL C2 S/F 2160x1220x15/1RA/TA64;64;2,53
3124177842-1790263-64;1790263;TRU UL C2 S/F 2160x1220x15/1RA/TA64;64;2,53
3124177843-1790263-20;1790263;TRU UL C2 S/F 2160x1220x15/1RA/TA64;20;0,791
3124177844-1790263-64;1790263;TRU UL C2 S/F 2160x1220x15/1RA/TA64;64;2,53
3124177845-1790263-64;1790263;TRU UL C2 S/F 2160x1220x15/1RA/TA64;64;2,53
3124177852-1790263-16;1790263;TRU UL C2 S/F 2160x1220x15/1RA/TA64;16;0,632
3124177853-1790263-64;1790263;TRU UL C2 S/F 2160x1220x15/1RA/TA64;64;2,53
3124177862-1790263-64;1790263;TRU UL C2 S/F 2160x1220x15/1RA/TA64;64;2,53
3124214715-1790263-64;1790263;TRU UL C2 S/F 2160x1220x15/1RA/TA64;64;2,53
3124214716-1790263-64;1790263;TRU UL C2 S/F 2160x1220x15/1RA/TA64;64;2,53
3124214717-1790263-64;1790263;TRU UL C2 S/F 2160x1220x15/1RA/TA64;64;2,53
3124214719-1790263-64;1790263;TRU UL C2 S/F 2160x1220x15/1RA/TA64;64;2,53
3124214726-1790263-64;1790263;TRU UL C2 S/F 2160x1220x15/1RA/TA64;64;2,53
3124214727-1790263-64;1790263;TRU UL C2 S/F 2160x1220x15/1RA/TA64;64;2,53
3123743984-1790264-1;1790264;TRU UL C2 S/F 3050x1220x15/1RA/TA64;1;0,055
3124219246-1790267-23;1790267;TRU LI 2440x1220x15/1RA/TA62;23;1,027
3123913383-1796945-1;1796945;TRU UL C2 S/F 3660x1220x20/1RA/TA50;1;0,088
3123913386-1796945-1;1796945;TRU UL C2 S/F 3660x1220x20/1RA/TA50;1;0,089
3123913396-1796945-26;1796945;TRU UL C2 S/F 3660x1220x20/1RA/TA50;26;2,322
3124152501-1796945-20;1796945;TRU UL C2 S/F 3660x1220x20/1RA/TA50;20;1,786
3124152504-1796945-4;1796945;TRU UL C2 S/F 3660x1220x20/1RA/TA50;4;0,357
3124191303-1796945-50;1796945;TRU UL C2 S/F 3660x1220x20/1RA/TA50;50;4,465
3124191304-1796945-50;1796945;TRU UL C2 S/F 3660x1220x20/1RA/TA50;50;4,465
3124191307-1796945-50;1796945;TRU UL C2 S/F 3660x1220x20/1RA/TA50;50;4,465
3124218915-1847272-78;1847272;TRU UL C2 S/F 4880x1170x12/1RA/TA78;78;5,344
3124218916-1847272-78;1847272;TRU UL C2 S/F 4880x1170x12/1RA/TA78;78;5,344
3124220121-1849508-49;1849508;TRU UL C2 S/F 5185x1220x19/1RA/TA49;49;5,889
3124220125-1849508-49;1849508;TRU UL C2 S/F 5185x1220x19/1RA/TA49;49;5,889
3623236203-788338-1;788338;TABLILLA PARA MOLD. MDF 2135x41x15 MM;1;0,001
3623292846-788371-1270;788371;TABLILLA PARA MOLD. MDF 2135x58x15 MM;1270;2,359
3623251816-788463-271;788463;TABLILLA PARA MOLD. MDF 2159x58x15 MM;271;0,488
3623294343-788507-1320;788507;TABLILLA PARA MOLD. MDF 2160x58x15 MM;1320;2,481
3623294374-788507-1160;788507;TABLILLA PARA MOLD. MDF 2160x58x15 MM;1160;2,18
3623291369-788571-924;788571;TABLILLA PARA MOLD. MDF 2185x83x15 MM;924;2,514
3623291373-788571-714;788571;TABLILLA PARA MOLD. MDF 2185x83x15 MM;714;1,942
3623192519-788573-1;788573;TABLILLA PARA MOLD. MDF 2185x84x15 MM;1;0,003
3623192524-788573-1;788573;TABLILLA PARA MOLD. MDF 2185x84x15 MM;1;0,003
3623282290-788715-1135;788715;TABLILLA PARA MOLD. MDF 2440x128x15 MM;1135;5,313
3623282301-788715-1135;788715;TABLILLA PARA MOLD. MDF 2440x128x15 MM;1135;5,313
3623282309-788715-1189;788715;TABLILLA PARA MOLD. MDF 2440x128x15 MM;1189;5,566
3623282315-788715-1135;788715;TABLILLA PARA MOLD. MDF 2440x128x15 MM;1135;5,313
3623282323-788715-1135;788715;TABLILLA PARA MOLD. MDF 2440x128x15 MM;1135;5,313
3623282422-788715-1081;788715;TABLILLA PARA MOLD. MDF 2440x128x15 MM;1081;5,06
3623282426-788715-324;788715;TABLILLA PARA MOLD. MDF 2440x128x15 MM;324;1,518
3623148626-788725-1;788725;TABLILLA PARA MOLD. MDF 2440x134x14 MM;1;0,005
3623292746-788812-128;788812;TABLILLA PARA MOLD. MDF 2440x286x17 MM;128;1,518
3623194141-788878-1;788878;TABLILLA PARA MOLD. MDF 2440x64x18 MM;1;0,003
3623231134-788944-1;788944;TABLILLA PARA MOLD. MDF 2440x83x14 MM;1;0,003
3623272909-788977-1404;788977;TABLILLA PARA MOLD. MDF 2440x89x17 MM;1404;5,183
3623272929-788977-1404;788977;TABLILLA PARA MOLD. MDF 2440x89x17 MM;1404;5,183
3623303227-789049-1766;789049;TABLILLA PARA MOLD. MDF 2590x83x15 MM;1766;5,688
3623303235-789049-1794;789049;TABLILLA PARA MOLD. MDF 2590x83x15 MM;1794;5,778
3623185431-789152-1;789152;TABLILLA PARA MOLD. MDF 3660x109x14 MM;1;0,006
3623267237-789205-384;789205;TABLILLA PARA MOLD. MDF 3660x140x15 MM;384;2,951
3623267242-789205-240;789205;TABLILLA PARA MOLD. MDF 3660x140x15 MM;240;1,845
3623270959-789462-1080;789462;TABLILLA PARA MOLD. MDF 4270x58x17 MM;1080;4,547
3623293083-789467-1260;789467;TABLILLA PARA MOLD. MDF 4270x59x15 MM;1260;4,761
3623293085-789467-420;789467;TABLILLA PARA MOLD. MDF 4270x59x15 MM;420;1,587
3623257880-789485-1;789485;TABLILLA PARA MOLD. MDF 4270x71x12 MM;1;0,004
3623302577-789503-1173;789503;TABLILLA PARA MOLD. MDF 4270x83x12 MM;1173;4,984
3623302588-789503-1171;789503;TABLILLA PARA MOLD. MDF 4270x83x12 MM;1171;4,976
3623302594-789503-1131;789503;TABLILLA PARA MOLD. MDF 4270x83x12 MM;1131;4,806
3623302447-789593-990;789593;TABLILLA PARA MOLD. MDF 4570x77x15 MM;990;5,226
3623302467-789593-945;789593;TABLILLA PARA MOLD. MDF 4570x77x15 MM;945;4,988
3623302473-789593-945;789593;TABLILLA PARA MOLD. MDF 4570x77x15 MM;945;4,988
3623302477-789593-945;789593;TABLILLA PARA MOLD. MDF 4570x77x15 MM;945;4,988
3623302483-789593-945;789593;TABLILLA PARA MOLD. MDF 4570x77x15 MM;945;4,988
3623302643-789593-945;789593;TABLILLA PARA MOLD. MDF 4570x77x15 MM;945;4,988
3623274293-789621-728;789621;TABLILLA PARA MOLD. MDF 4570x90x17 MM;728;5,09
3623289298-789707-858;789707;TABLILLA PARA MOLD. MDF 4880x109x12 MM;858;5,477
3623289306-789707-832;789707;TABLILLA PARA MOLD. MDF 4880x109x12 MM;832;5,311
3623289309-789707-858;789707;TABLILLA PARA MOLD. MDF 4880x109x12 MM;858;5,477
3623283953-789710-594;789710;TABLILLA PARA MOLD. MDF 4880x109x17 MM;594;5,371
3623284040-789710-594;789710;TABLILLA PARA MOLD. MDF 4880x109x17 MM;594;5,371
3623299963-789710-594;789710;TABLILLA PARA MOLD. MDF 4880x109x17 MM;594;5,371
3623299973-789710-275;789710;TABLILLA PARA MOLD. MDF 4880x109x17 MM;275;2,487
3623299981-789710-319;789710;TABLILLA PARA MOLD. MDF 4880x109x17 MM;319;2,885
3623301425-789710-594;789710;TABLILLA PARA MOLD. MDF 4880x109x17 MM;594;5,371
3623301521-789710-374;789710;TABLILLA PARA MOLD. MDF 4880x109x17 MM;374;3,382
3623302844-789710-572;789710;TABLILLA PARA MOLD. MDF 4880x109x17 MM;572;5,172
3623302850-789710-638;789710;TABLILLA PARA MOLD. MDF 4880x109x17 MM;638;5,769
3623302854-789710-594;789710;TABLILLA PARA MOLD. MDF 4880x109x17 MM;594;5,371
3623302860-789710-594;789710;TABLILLA PARA MOLD. MDF 4880x109x17 MM;594;5,371
3623302888-789710-572;789710;TABLILLA PARA MOLD. MDF 4880x109x17 MM;572;5,172
3623302911-789710-264;789710;TABLILLA PARA MOLD. MDF 4880x109x17 MM;264;2,387
3623303229-789710-168;789710;TABLILLA PARA MOLD. MDF 4880x109x17 MM;168;1,519
3623287757-789752-751;789752;TABLILLA PARA MOLD. MDF 4880x115x12 MM;751;5,051
3623287769-789752-781;789752;TABLILLA PARA MOLD. MDF 4880x115x12 MM;781;5,253
3623287795-789752-721;789752;TABLILLA PARA MOLD. MDF 4880x115x12 MM;721;4,849
3623287831-789752-760;789752;TABLILLA PARA MOLD. MDF 4880x115x12 MM;760;5,118
3623287841-789752-801;789752;TABLILLA PARA MOLD. MDF 4880x115x12 MM;801;5,388
3623287847-789752-760;789752;TABLILLA PARA MOLD. MDF 4880x115x12 MM;760;5,118
3623287851-789752-801;789752;TABLILLA PARA MOLD. MDF 4880x115x12 MM;801;5,388
3623288027-789752-838;789752;TABLILLA PARA MOLD. MDF 4880x115x12 MM;838;5,637
3623303146-789752-801;789752;TABLILLA PARA MOLD. MDF 4880x115x12 MM;801;5,388
3623303152-789752-821;789752;TABLILLA PARA MOLD. MDF 4880x115x12 MM;821;5,522
3623303170-789752-781;789752;TABLILLA PARA MOLD. MDF 4880x115x12 MM;781;5,253
3623303213-789752-801;789752;TABLILLA PARA MOLD. MDF 4880x115x12 MM;801;5,388
3623303231-789752-801;789752;TABLILLA PARA MOLD. MDF 4880x115x12 MM;801;5,388
3623303239-789752-801;789752;TABLILLA PARA MOLD. MDF 4880x115x12 MM;801;5,388
3623303247-789752-801;789752;TABLILLA PARA MOLD. MDF 4880x115x12 MM;801;5,388
3623303257-789752-801;789752;TABLILLA PARA MOLD. MDF 4880x115x12 MM;801;5,388
3623303268-789752-600;789752;TABLILLA PARA MOLD. MDF 4880x115x12 MM;600;4,041
3623263261-789753-1;789753;TABLILLA PARA MOLD. MDF 4880x115x14 MM;1;0,008
3622858616-789754-329;789754;TABLILLA PARA MOLD. MDF 4880x115x15 MM;329;2,77
3623292216-789794-340;789794;TABLILLA PARA MOLD. MDF 4880x119x18 MM;340;3,554
3623290920-789824-620;789824;TABLILLA PARA MOLD. MDF 4880x128x14 MM;620;5,422
3623290926-789824-621;789824;TABLILLA PARA MOLD. MDF 4880x128x14 MM;621;5,431
3623290932-789824-405;789824;TABLILLA PARA MOLD. MDF 4880x128x14 MM;405;3,542
3623288564-789843-711;789843;TABLILLA PARA MOLD. MDF 4880x133x12 MM;711;5,538
3623288574-789843-702;789843;TABLILLA PARA MOLD. MDF 4880x133x12 MM;702;5,468
3623288580-789843-702;789843;TABLILLA PARA MOLD. MDF 4880x133x12 MM;702;5,468
3623288596-789843-756;789843;TABLILLA PARA MOLD. MDF 4880x133x12 MM;756;5,888
3623288604-789843-756;789843;TABLILLA PARA MOLD. MDF 4880x133x12 MM;756;5,888
3623288621-789843-756;789843;TABLILLA PARA MOLD. MDF 4880x133x12 MM;756;5,888
3623194044-789851-1;789851;TABLILLA PARA MOLD. MDF 4880x134x14 MM;1;0,009
3623293269-789851-621;789851;TABLILLA PARA MOLD. MDF 4880x134x14 MM;621;5,685
3623293315-789851-621;789851;TABLILLA PARA MOLD. MDF 4880x134x14 MM;621;5,685
3623293323-789851-621;789851;TABLILLA PARA MOLD. MDF 4880x134x14 MM;621;5,685
3623293340-789851-621;789851;TABLILLA PARA MOLD. MDF 4880x134x14 MM;621;5,685
3623293354-789851-621;789851;TABLILLA PARA MOLD. MDF 4880x134x14 MM;621;5,685
3623293430-789851-495;789851;TABLILLA PARA MOLD. MDF 4880x134x14 MM;495;4,532
3623281035-789852-576;789852;TABLILLA PARA MOLD. MDF 4880x134x15 MM;576;5,65
3623287803-789852-567;789852;TABLILLA PARA MOLD. MDF 4880x134x15 MM;567;5,562
3623287818-789852-540;789852;TABLILLA PARA MOLD. MDF 4880x134x15 MM;540;5,297
3623287825-789852-135;789852;TABLILLA PARA MOLD. MDF 4880x134x15 MM;135;1,324
3623300241-789852-567;789852;TABLILLA PARA MOLD. MDF 4880x134x15 MM;567;5,562
3623283820-789855-450;789855;TABLILLA PARA MOLD. MDF 4880x134x20 MM;450;5,885
3623303072-789863-486;789863;TABLILLA PARA MOLD. MDF 4880x135x18 MM;486;5,763
3623303080-789863-483;789863;TABLILLA PARA MOLD. MDF 4880x135x18 MM;483;5,728
3623303092-789863-486;789863;TABLILLA PARA MOLD. MDF 4880x135x18 MM;486;5,763
3623303105-789863-483;789863;TABLILLA PARA MOLD. MDF 4880x135x18 MM;483;5,728
3623303116-789863-135;789863;TABLILLA PARA MOLD. MDF 4880x135x18 MM;135;1,601
3623281733-789882-264;789882;TABLILLA PARA MOLD. MDF 4880x138x30 MM;264;5,334
3623287217-789890-640;789890;TABLILLA PARA MOLD. MDF 4880x140x12 MM;640;5,247
3623302193-789890-656;789890;TABLILLA PARA MOLD. MDF 4880x140x12 MM;656;5,378
3623302469-789890-672;789890;TABLILLA PARA MOLD. MDF 4880x140x12 MM;672;5,509
3623287748-789893-432;789893;TABLILLA PARA MOLD. MDF 4880x140x17 MM;432;5,017
3623287752-789893-432;789893;TABLILLA PARA MOLD. MDF 4880x140x17 MM;432;5,017
3623287758-789893-432;789893;TABLILLA PARA MOLD. MDF 4880x140x17 MM;432;5,017
3623280157-789897-288;789897;TABLILLA PARA MOLD. MDF 4880x140x25 MM;288;4,919
3623280160-789897-288;789897;TABLILLA PARA MOLD. MDF 4880x140x25 MM;288;4,919
3623255972-789900-1;789900;TABLILLA PARA MOLD. MDF 4880x141x12 MM;1;0,008
3623295675-789900-624;789900;TABLILLA PARA MOLD. MDF 4880x141x12 MM;624;5,152
3623295684-789900-616;789900;TABLILLA PARA MOLD. MDF 4880x141x12 MM;616;5,086
3623296432-789900-672;789900;TABLILLA PARA MOLD. MDF 4880x141x12 MM;672;5,549
3623302761-789900-704;789900;TABLILLA PARA MOLD. MDF 4880x141x12 MM;704;5,813
3623302770-789900-672;789900;TABLILLA PARA MOLD. MDF 4880x141x12 MM;672;5,549
3623302774-789900-672;789900;TABLILLA PARA MOLD. MDF 4880x141x12 MM;672;5,549
3623302784-789900-672;789900;TABLILLA PARA MOLD. MDF 4880x141x12 MM;672;5,549
3623302785-789900-690;789900;TABLILLA PARA MOLD. MDF 4880x141x12 MM;690;5,697
3623289992-789901-552;789901;TABLILLA PARA MOLD. MDF 4880x141x14 MM;552;5,317
3623290003-789901-552;789901;TABLILLA PARA MOLD. MDF 4880x141x14 MM;552;5,317
3623271249-789902-528;789902;TABLILLA PARA MOLD. MDF 4880x141x15 MM;528;5,45
3623271273-789902-528;789902;TABLILLA PARA MOLD. MDF 4880x141x15 MM;528;5,45
3623271281-789902-384;789902;TABLILLA PARA MOLD. MDF 4880x141x15 MM;384;3,963
3623289506-789902-480;789902;TABLILLA PARA MOLD. MDF 4880x141x15 MM;480;4,954
3623289543-789902-480;789902;TABLILLA PARA MOLD. MDF 4880x141x15 MM;480;4,954
3623289973-789902-216;789902;TABLILLA PARA MOLD. MDF 4880x141x15 MM;216;2,229
3623276713-789911-504;789911;TABLILLA PARA MOLD. MDF 4880x142x15 MM;504;5,239
3623280959-789961-518;789961;TABLILLA PARA MOLD. MDF 4880x153x17 MM;518;6,575
3623303048-790019-448;790019;TABLILLA PARA MOLD. MDF 4880x166x15 MM;448;5,444
3623302974-790046-378;790046;TABLILLA PARA MOLD. MDF 4880x172x18 MM;378;5,711
3623303038-790046-378;790046;TABLILLA PARA MOLD. MDF 4880x172x18 MM;378;5,711
3623303039-790046-63;790046;TABLILLA PARA MOLD. MDF 4880x172x18 MM;63;0,952
3623302554-790099-246;790099;TABLILLA PARA MOLD. MDF 4880x185x15 MM;246;3,331
3623302555-790099-360;790099;TABLILLA PARA MOLD. MDF 4880x185x15 MM;360;4,875
3623269324-790100-1;790100;TABLILLA PARA MOLD. MDF 4880x185x17 MM;1;0,015
3623302553-790100-342;790100;TABLILLA PARA MOLD. MDF 4880x185x17 MM;342;5,249
3623302203-790101-324;790101;TABLILLA PARA MOLD. MDF 4880x185x18 MM;324;5,265
3623301741-790154-138;790154;TABLILLA PARA MOLD. MDF 4880x203x25 MM;138;3,418
3623236964-790216-1;790216;TABLILLA PARA MOLD. MDF 4880x235x17 MM;1;0,019
3623236972-790216-1;790216;TABLILLA PARA MOLD. MDF 4880x235x17 MM;1;0,019
3623297363-790272-1694;790272;TABLILLA PARA MOLD. MDF 4880x32x9 MM;1694;2,389
3623291819-790309-1619;790309;TABLILLA PARA MOLD. MDF 4880x43x17 MM;1619;5,779
3623148880-790357-1;790357;TABLILLA PARA MOLD. MDF 4880x58x15 MM;1;0,004
3623227696-790357-1;790357;TABLILLA PARA MOLD. MDF 4880x58x15 MM;1;0,004
3623175471-790446-1;790446;TABLILLA PARA MOLD. MDF 4880x77x15 MM;1;0,006
3623175480-790446-1;790446;TABLILLA PARA MOLD. MDF 4880x77x15 MM;1;0,006
3623175485-790446-1;790446;TABLILLA PARA MOLD. MDF 4880x77x15 MM;1;0,006
3623175497-790446-1;790446;TABLILLA PARA MOLD. MDF 4880x77x15 MM;1;0,006
3623228503-790446-1;790446;TABLILLA PARA MOLD. MDF 4880x77x15 MM;1;0,006
3623228525-790446-1;790446;TABLILLA PARA MOLD. MDF 4880x77x15 MM;1;0,006
3623189298-790481-1;790481;TABLILLA PARA MOLD. MDF 4880x83x12 MM;1;0,005
3623288921-790481-700;790481;TABLILLA PARA MOLD. MDF 4880x83x12 MM;700;3,402
3623296157-790481-1092;790481;TABLILLA PARA MOLD. MDF 4880x83x12 MM;1092;5,308
3623297095-790481-1106;790481;TABLILLA PARA MOLD. MDF 4880x83x12 MM;1106;5,376
3623297107-790481-1092;790481;TABLILLA PARA MOLD. MDF 4880x83x12 MM;1092;5,308
3623297131-790481-1099;790481;TABLILLA PARA MOLD. MDF 4880x83x12 MM;1099;5,342
3623297152-790481-1092;790481;TABLILLA PARA MOLD. MDF 4880x83x12 MM;1092;5,308
3623297189-790481-1090;790481;TABLILLA PARA MOLD. MDF 4880x83x12 MM;1090;5,298
3623297603-790481-1215;790481;TABLILLA PARA MOLD. MDF 4880x83x12 MM;1215;5,905
3623302561-790481-1050;790481;TABLILLA PARA MOLD. MDF 4880x83x12 MM;1050;5,104
3623302563-790481-336;790481;TABLILLA PARA MOLD. MDF 4880x83x12 MM;336;1,633
3623300808-790489-420;790489;TABLILLA PARA MOLD. MDF 4880x84x12 MM;420;2,066
3623303188-790489-1092;790489;TABLILLA PARA MOLD. MDF 4880x84x12 MM;1092;5,372
3623303269-790489-1092;790489;TABLILLA PARA MOLD. MDF 4880x84x12 MM;1092;5,372
3623273565-790531-702;790531;TABLILLA PARA MOLD. MDF 4880x89x17 MM;702;5,183
3623282247-790531-780;790531;TABLILLA PARA MOLD. MDF 4880x89x17 MM;780;5,759
3623286801-790538-1014;790538;TABLILLA PARA MOLD. MDF 4880x90x12 MM;1014;5,344
3623288825-790538-1014;790538;TABLILLA PARA MOLD. MDF 4880x90x12 MM;1014;5,344
3623302141-790538-1014;790538;TABLILLA PARA MOLD. MDF 4880x90x12 MM;1014;5,344
3623302160-790538-1014;790538;TABLILLA PARA MOLD. MDF 4880x90x12 MM;1014;5,344
3623302184-790538-1014;790538;TABLILLA PARA MOLD. MDF 4880x90x12 MM;1014;5,344
3623302194-790538-1014;790538;TABLILLA PARA MOLD. MDF 4880x90x12 MM;1014;5,344
3623302213-790538-1014;790538;TABLILLA PARA MOLD. MDF 4880x90x12 MM;1014;5,344
3623302220-790538-780;790538;TABLILLA PARA MOLD. MDF 4880x90x12 MM;780;4,111
3623302562-790538-1014;790538;TABLILLA PARA MOLD. MDF 4880x90x12 MM;1014;5,344
3623302564-790538-975;790538;TABLILLA PARA MOLD. MDF 4880x90x12 MM;975;5,139
3623302565-790538-663;790538;TABLILLA PARA MOLD. MDF 4880x90x12 MM;663;3,494
3623302933-790538-1014;790538;TABLILLA PARA MOLD. MDF 4880x90x12 MM;1014;5,344
3623303047-790538-1014;790538;TABLILLA PARA MOLD. MDF 4880x90x12 MM;1014;5,344
3623303050-790538-1014;790538;TABLILLA PARA MOLD. MDF 4880x90x12 MM;1014;5,344
3623303065-790538-1014;790538;TABLILLA PARA MOLD. MDF 4880x90x12 MM;1014;5,344
3623303069-790538-1014;790538;TABLILLA PARA MOLD. MDF 4880x90x12 MM;1014;5,344
3623303070-790538-975;790538;TABLILLA PARA MOLD. MDF 4880x90x12 MM;975;5,139
3623303081-790538-1014;790538;TABLILLA PARA MOLD. MDF 4880x90x12 MM;1014;5,344
3623303091-790538-1014;790538;TABLILLA PARA MOLD. MDF 4880x90x12 MM;1014;5,344
3623303104-790538-1053;790538;TABLILLA PARA MOLD. MDF 4880x90x12 MM;1053;5,55
3623303109-790538-1014;790538;TABLILLA PARA MOLD. MDF 4880x90x12 MM;1014;5,344
3623303110-790538-1053;790538;TABLILLA PARA MOLD. MDF 4880x90x12 MM;1053;5,55
3623303122-790538-1053;790538;TABLILLA PARA MOLD. MDF 4880x90x12 MM;1053;5,55
3623303159-790538-1131;790538;TABLILLA PARA MOLD. MDF 4880x90x12 MM;1131;5,961
3623303169-790538-1014;790538;TABLILLA PARA MOLD. MDF 4880x90x12 MM;1014;5,344
3623303178-790538-286;790538;TABLILLA PARA MOLD. MDF 4880x90x12 MM;286;1,507
3623302077-790539-897;790539;TABLILLA PARA MOLD. MDF 4880x90x14 MM;897;5,515
3623302086-790539-819;790539;TABLILLA PARA MOLD. MDF 4880x90x14 MM;819;5,036
3623302098-790539-273;790539;TABLILLA PARA MOLD. MDF 4880x90x14 MM;273;1,679
3623291639-790540-611;790540;TABLILLA PARA MOLD. MDF 4880x90x15 MM;611;4,025
3623291703-790540-819;790540;TABLILLA PARA MOLD. MDF 4880x90x15 MM;819;5,396
3623291728-790540-819;790540;TABLILLA PARA MOLD. MDF 4880x90x15 MM;819;5,396
3623284822-790542-700;790542;TABLILLA PARA MOLD. MDF 4880x90x18 MM;700;5,534
3623292511-790542-650;790542;TABLILLA PARA MOLD. MDF 4880x90x18 MM;650;5,139
3623292651-790542-702;790542;TABLILLA PARA MOLD. MDF 4880x90x18 MM;702;5,55
3623292657-790542-702;790542;TABLILLA PARA MOLD. MDF 4880x90x18 MM;702;5,55
3623292660-790542-702;790542;TABLILLA PARA MOLD. MDF 4880x90x18 MM;702;5,55
3623292669-790542-434;790542;TABLILLA PARA MOLD. MDF 4880x90x18 MM;434;3,431
3623301825-790545-468;790545;TABLILLA PARA MOLD. MDF 4880x90x25 MM;468;5,139
3623301831-790545-468;790545;TABLILLA PARA MOLD. MDF 4880x90x25 MM;468;5,139
3623301853-790545-468;790545;TABLILLA PARA MOLD. MDF 4880x90x25 MM;468;5,139
3623301858-790545-468;790545;TABLILLA PARA MOLD. MDF 4880x90x25 MM;468;5,139
3623301879-790545-468;790545;TABLILLA PARA MOLD. MDF 4880x90x25 MM;468;5,139
3623301940-790545-300;790545;TABLILLA PARA MOLD. MDF 4880x90x25 MM;300;3,294
3623288453-790630-290;790630;TABLILLA PARA MOLD. MDF 5185x115x30 MM;290;5,188
3623297852-790652-1380;790652;TABLILLA PARA MOLD. MDF 5185x36x12 MM;1380;3,091
3623297870-790652-960;790652;TABLILLA PARA MOLD. MDF 5185x36x12 MM;960;2,15
3623298060-790652-1890;790652;TABLILLA PARA MOLD. MDF 5185x36x12 MM;1890;4,233
3623181902-790665-1;790665;TABLILLA PARA MOLD. MDF 5185x57x14 MM;1;0,004
3623284730-790667-100;790667;TABLILLA PARA MOLD. MDF 5185x57x17 MM;100;0,502
3623292387-790669-1380;790669;TABLILLA PARA MOLD. MDF 5185x58x14 MM;1380;5,81
3623293989-790669-1380;790669;TABLILLA PARA MOLD. MDF 5185x58x14 MM;1380;5,81
3623294700-790669-1380;790669;TABLILLA PARA MOLD. MDF 5185x58x14 MM;1380;5,81
3623294734-790669-1380;790669;TABLILLA PARA MOLD. MDF 5185x58x14 MM;1380;5,81
3623295010-790669-1440;790669;TABLILLA PARA MOLD. MDF 5185x58x14 MM;1440;6,063
3623290120-790670-1260;790670;TABLILLA PARA MOLD. MDF 5185x58x15 MM;1260;5,684
3623290135-790670-1260;790670;TABLILLA PARA MOLD. MDF 5185x58x15 MM;1260;5,684
3623290148-790670-1320;790670;TABLILLA PARA MOLD. MDF 5185x58x15 MM;1320;5,954
3623290748-790670-540;790670;TABLILLA PARA MOLD. MDF 5185x58x15 MM;540;2,436
3623240587-790692-1;790692;TABLILLA PARA MOLD. MDF 5185x65x15 MM;1;0,005
3623271574-790713-856;790713;TABLILLA PARA MOLD. MDF 5185x77x15 MM;856;5,12
3623271591-790713-856;790713;TABLILLA PARA MOLD. MDF 5185x77x15 MM;856;5,12
3623302817-790734-1004;790734;TABLILLA PARA MOLD. MDF 5185x83x12 MM;1004;5,185
3623297614-790741-420;790741;TABLILLA PARA MOLD. MDF 5185x83x30 MM;420;5,422
3623297623-790741-420;790741;TABLILLA PARA MOLD. MDF 5185x83x30 MM;420;5,422
3623297814-790741-390;790741;TABLILLA PARA MOLD. MDF 5185x83x30 MM;390;5,035
3623188450-790772-1;790772;TABLILLA PARA MOLD. MDF 5185x90x17 MM;1;0,008
3623288933-790776-338;790776;TABLILLA PARA MOLD. MDF 5185x90x25 MM;338;3,943
3623292592-804605-476;804605;TABLILLA PARA MOLD. MDF 4880x156x14 MM;476;5,074
3623292616-804605-483;804605;TABLILLA PARA MOLD. MDF 4880x156x14 MM;483;5,149
3623303251-1015927-432;1015927;TABLILLA PARA MOLD. MDF 4880x128x17 MM;432;4,587
3623280818-1321820-216;1321820;TABLILLA PARA MOLD. MDF 4900x287x17 MM;216;5,164
3623280825-1321820-220;1321820;TABLILLA PARA MOLD. MDF 4900x287x17 MM;220;5,26
3623281817-1321820-215;1321820;TABLILLA PARA MOLD. MDF 4900x287x17 MM;215;5,14
3623281841-1321820-216;1321820;TABLILLA PARA MOLD. MDF 4900x287x17 MM;216;5,164
3623282168-1321820-216;1321820;TABLILLA PARA MOLD. MDF 4900x287x17 MM;216;5,164
3623282737-1321820-216;1321820;TABLILLA PARA MOLD. MDF 4900x287x17 MM;216;5,164
3623293024-1620226-630;1620226;TABLILLA PARA MOLD. MDF 4324x58x15 MM;630;2,37
3623139309-1680105-90;1680105;TABLILLA PARA MOLD. MDF 5185x117x17 MM;90;0,928
3623296791-1704653-2720;1704653;TABLILLA PARA MOLD. MDF 4270x32x10 MM;2720;3,717
3623296798-1704653-2625;1704653;TABLILLA PARA MOLD. MDF 4270x32x10 MM;2625;3,587
3623291793-1704655-250;1704655;TABLILLA PARA MOLD. MDF 4270x33x9 MM;250;0,317
3623294853-1704659-854;1704659;TABLILLA PARA MOLD. MDF 4270x41x15 MM;854;2,243
3623293931-1765305-380;1765305;TABLILLA PARA MOLD. MDF 2482x117x17 MM;380;1,876
3623289213-1769814-990;1769814;TABLILLA PARA MOLD. MDF 5185x43x12 MM;990;2,649
3623286974-1783386-1395;1783386;TABLILLA PARA MOLD. MDF 4880x24x20 MM;1395;3,268
3623287295-1783386-1656;1783386;TABLILLA PARA MOLD. MDF 4880x24x20 MM;1656;3,879
3623297444-1836509-1800;1836509;TABLILLA PARA MOLD. MDF 4376x35x12 MM;1800;3,308
3623292155-789356-630;789356;TABLILLA PARA MOLD. MDF 3660x84x12 MM;630;2,324
3623279174-789709-504;789709;TABLILLA PARA MOLD. MDF 4880x109x15 MM;504;4,021
3623279187-789709-504;789709;TABLILLA PARA MOLD. MDF 4880x109x15 MM;504;4,021
3623279378-789709-111;789709;TABLILLA PARA MOLD. MDF 4880x109x15 MM;111;0,886
3623296039-789709-465;789709;TABLILLA PARA MOLD. MDF 4880x109x15 MM;465;3,71
3623249327-789904-110;789904;TABLILLA PARA MOLD. MDF 4880x141x18 MM;110;1,362
3623265712-789904-180;789904;TABLILLA PARA MOLD. MDF 4880x141x18 MM;180;2,229
3623272287-789904-64;789904;TABLILLA PARA MOLD. MDF 4880x141x18 MM;64;0,793
3623292143-789904-210;789904;TABLILLA PARA MOLD. MDF 4880x141x18 MM;210;2,601
3623229864-790417-880;790417;TABLILLA PARA MOLD. MDF 4880x70x17 MM;880;5,11
3623254428-790417-368;790417;TABLILLA PARA MOLD. MDF 4880x70x17 MM;368;2,137
3623259429-790417-780;790417;TABLILLA PARA MOLD. MDF 4880x70x17 MM;780;4,53
3623259725-790417-759;790417;TABLILLA PARA MOLD. MDF 4880x70x17 MM;759;4,408
3623266723-790417-780;790417;TABLILLA PARA MOLD. MDF 4880x70x17 MM;780;4,53
3623269216-790417-800;790417;TABLILLA PARA MOLD. MDF 4880x70x17 MM;800;4,646
3623269854-790417-51;790417;TABLILLA PARA MOLD. MDF 4880x70x17 MM;51;0,296
3623276583-790417-736;790417;TABLILLA PARA MOLD. MDF 4880x70x17 MM;736;4,274
3623280028-790417-864;790417;TABLILLA PARA MOLD. MDF 4880x70x17 MM;864;5,017
3623280058-790417-60;790417;TABLILLA PARA MOLD. MDF 4880x70x17 MM;60;0,348
3623280431-790417-273;790417;TABLILLA PARA MOLD. MDF 4880x70x17 MM;273;1,585
3623282895-790417-175;790417;TABLILLA PARA MOLD. MDF 4880x70x17 MM;175;1,016
3623289764-790417-816;790417;TABLILLA PARA MOLD. MDF 4880x70x17 MM;816;4,739
3623289919-790417-800;790417;TABLILLA PARA MOLD. MDF 4880x70x17 MM;800;4,646
3623290569-790417-158;790417;TABLILLA PARA MOLD. MDF 4880x70x17 MM;158;0,918
3623294864-790417-810;790417;TABLILLA PARA MOLD. MDF 4880x70x17 MM;810;4,704
3623295149-790417-848;790417;TABLILLA PARA MOLD. MDF 4880x70x17 MM;848;4,925
3623295788-790417-310;790417;TABLILLA PARA MOLD. MDF 4880x70x17 MM;310;1,8
3623194102-790426-60;790426;TABLILLA PARA MOLD. MDF 4880x71x18 MM;60;0,374
3623249182-790426-879;790426;TABLILLA PARA MOLD. MDF 4880x71x18 MM;879;5,488
3623259128-790426-105;790426;TABLILLA PARA MOLD. MDF 4880x71x18 MM;105;0,655
3623260754-790426-680;790426;TABLILLA PARA MOLD. MDF 4880x71x18 MM;680;4,241
3623267249-790426-460;790426;TABLILLA PARA MOLD. MDF 4880x71x18 MM;460;2,869
3623268467-790426-848;790426;TABLILLA PARA MOLD. MDF 4880x71x18 MM;848;5,289
3623268746-790426-378;790426;TABLILLA PARA MOLD. MDF 4880x71x18 MM;378;2,357
3623285200-790426-400;790426;TABLILLA PARA MOLD. MDF 4880x71x18 MM;400;2,495
3623298425-790426-496;790426;TABLILLA PARA MOLD. MDF 4880x71x18 MM;496;3,093
3623143448-790489-240;790489;TABLILLA PARA MOLD. MDF 4880x84x12 MM;240;1,181
3623299502-790489-1106;790489;TABLILLA PARA MOLD. MDF 4880x84x12 MM;1106;5,44
3623299840-790489-424;790489;TABLILLA PARA MOLD. MDF 4880x84x12 MM;424;2,086
3623301718-790489-1120;790489;TABLILLA PARA MOLD. MDF 4880x84x12 MM;1120;5,509
3623301931-790489-1092;790489;TABLILLA PARA MOLD. MDF 4880x84x12 MM;1092;5,372
3623302506-790489-1106;790489;TABLILLA PARA MOLD. MDF 4880x84x12 MM;1106;5,44
3623302741-790489-1078;790489;TABLILLA PARA MOLD. MDF 4880x84x12 MM;1078;5,303
3623302870-790489-520;790489;TABLILLA PARA MOLD. MDF 4880x84x12 MM;520;2,558
3623183630-790490-153;790490;TABLILLA PARA MOLD. MDF 4880x84x14 MM;153;0,878
3623235356-790490-111;790490;TABLILLA PARA MOLD. MDF 4880x84x14 MM;111;0,637
3623274958-790490-425;790490;TABLILLA PARA MOLD. MDF 4880x84x14 MM;425;2,439
3623275059-790490-111;790490;TABLILLA PARA MOLD. MDF 4880x84x14 MM;111;0,637
3623276363-790490-336;790490;TABLILLA PARA MOLD. MDF 4880x84x14 MM;336;1,928
3623279403-790490-93;790490;TABLILLA PARA MOLD. MDF 4880x84x14 MM;93;0,534
3623283070-790490-420;790490;TABLILLA PARA MOLD. MDF 4880x84x14 MM;420;2,41
3623286873-790490-232;790490;TABLILLA PARA MOLD. MDF 4880x84x14 MM;232;1,331
3623297774-790490-258;790490;TABLILLA PARA MOLD. MDF 4880x84x14 MM;258;1,481
3623298087-790490-585;790490;TABLILLA PARA MOLD. MDF 4880x84x14 MM;585;3,357
3623273925-790538-221;790538;TABLILLA PARA MOLD. MDF 4880x90x12 MM;221;1,165
3623283411-790538-598;790538;TABLILLA PARA MOLD. MDF 4880x90x12 MM;598;3,152
3623294869-790538-830;790538;TABLILLA PARA MOLD. MDF 4880x90x12 MM;830;4,374
3623295154-790538-897;790538;TABLILLA PARA MOLD. MDF 4880x90x12 MM;897;4,728
3623295342-790538-604;790538;TABLILLA PARA MOLD. MDF 4880x90x12 MM;604;3,183
3623252078-790541-364;790541;TABLILLA PARA MOLD. MDF 4880x90x17 MM;364;2,718
3623253543-790541-168;790541;TABLILLA PARA MOLD. MDF 4880x90x17 MM;168;1,254
3623262384-790541-344;790541;TABLILLA PARA MOLD. MDF 4880x90x17 MM;344;2,568
3623264269-790541-1;790541;TABLILLA PARA MOLD. MDF 4880x90x17 MM;1;0,007
3623265246-790541-238;790541;TABLILLA PARA MOLD. MDF 4880x90x17 MM;238;1,777
3623269329-790541-144;790541;TABLILLA PARA MOLD. MDF 4880x90x17 MM;144;1,075
3623269559-790541-506;790541;TABLILLA PARA MOLD. MDF 4880x90x17 MM;506;3,778
3623269621-790541-247;790541;TABLILLA PARA MOLD. MDF 4880x90x17 MM;247;1,844
3623270008-790541-628;790541;TABLILLA PARA MOLD. MDF 4880x90x17 MM;628;4,689
3623270122-790541-767;790541;TABLILLA PARA MOLD. MDF 4880x90x17 MM;767;5,727
3623270353-790541-554;790541;TABLILLA PARA MOLD. MDF 4880x90x17 MM;554;4,136
3623271826-790541-200;790541;TABLILLA PARA MOLD. MDF 4880x90x17 MM;200;1,493
3623272916-790541-481;790541;TABLILLA PARA MOLD. MDF 4880x90x17 MM;481;3,591
3623275086-790541-96;790541;TABLILLA PARA MOLD. MDF 4880x90x17 MM;96;0,717
3623302400-790541-429;790541;TABLILLA PARA MOLD. MDF 4880x90x17 MM;429;3,203
3623302580-790541-403;790541;TABLILLA PARA MOLD. MDF 4880x90x17 MM;403;3,009
3623281354-790542-420;790542;TABLILLA PARA MOLD. MDF 4880x90x18 MM;420;3,32
3623292193-790542-34;790542;TABLILLA PARA MOLD. MDF 4880x90x18 MM;34;0,269
3623302318-790542-424;790542;TABLILLA PARA MOLD. MDF 4880x90x18 MM;424;3,352
3623190428-790545-98;790545;TABLILLA PARA MOLD. MDF 4880x90x25 MM;98;1,076
3623286542-790545-35;790545;TABLILLA PARA MOLD. MDF 4880x90x25 MM;35;0,384
3623301734-790545-175;790545;TABLILLA PARA MOLD. MDF 4880x90x25 MM;175;1,922
3623247188-1034265-6;1034265;MOL°S4S E2E 234A PP KH 5185x57x15/510;6;0,027
3623247282-1034265-6;1034265;MOL°S4S E2E 234A PP KH 5185x57x15/510;6;0,027
3623223753-1754499-24;1754499;MOL°BASE M0655D PP ME 4270x130,18x12/HC;24;0,16
3623193249-1803414-8;1803414;MOL°BASE 387MUL-7 PP ME 4880x184x12/HC_1;8;0,086
3623192452-1822841-12;1822841;MOL°BASE B314 PP EE 4880x82,74x14/HC360;12;0,068
3123837358;798374;TRU UL C2 3660x1524x18/1RA/TA44;1;0,099
3124063695;798479;TRU UL C2 S/F 4880x1220x14/1RA/TA69;0;0,001
3124072737;798479;TRU UL C2 S/F 4880x1220x14/1RA/TA69;1;0,083
3124086850;798479;TRU UL C2 S/F 4880x1220x14/1RA/TA69;0;0,001
3124086906;798479;TRU UL C2 S/F 4880x1220x14/1RA/TA69;0;0,001
3124087032;798479;TRU UL C2 S/F 4880x1220x14/1RA/TA69;0;0,001
3124106347;798479;TRU UL C2 S/F 4880x1220x14/1RA/TA69;0;0,001
3124110384;798479;TRU UL C2 S/F 4880x1220x14/1RA/TA69;0;0,001
3124139039;798479;TRU UL C2 S/F 4880x1220x14/1RA/TA69;1;0,082
3124151155;798479;TRU UL C2 S/F 4880x1220x14/1RA/TA69;0;0,001
3124153876;798479;TRU UL C2 S/F 4880x1220x14/1RA/TA69;0;0,001
3124158031;798479;TRU UL C2 S/F 4880x1220x14/1RA/TA69;10;0,834
3124158041;798479;TRU UL C2 S/F 4880x1220x14/1RA/TA69;0;0,001
3124168677;798479;TRU UL C2 S/F 4880x1220x14/1RA/TA69;69;5,751
3124168727;798479;TRU UL C2 S/F 4880x1220x14/1RA/TA69;1;0,084
3124191117;798479;TRU UL C2 S/F 4880x1220x14/1RA/TA69;3;0,25
3124199528;798479;TRU UL C2 S/F 4880x1220x14/1RA/TA69;0;0,001
3124213712;798479;TRU UL C2 S/F 4880x1220x14/1RA/TA69;18;1,5
3124213717;798479;TRU UL C2 S/F 4880x1220x14/1RA/TA69;69;5,751
3124213736;798479;TRU UL C2 S/F 4880x1220x14/1RA/TA69;8;0,667
3124213737;798479;TRU UL C2 S/F 4880x1220x14/1RA/TA69;69;5,751
3124213741;798479;TRU UL C2 S/F 4880x1220x14/1RA/TA69;69;5,751
3124213746;798479;TRU UL C2 S/F 4880x1220x14/1RA/TA69;54;4,501
3124213769;798479;TRU UL C2 S/F 4880x1220x14/1RA/TA69;69;5,751
3124213772;798479;TRU UL C2 S/F 4880x1220x14/1RA/TA69;69;5,751
3124213864;798479;TRU UL C2 S/F 4880x1220x14/1RA/TA69;16;1,333
3124219128;798479;TRU UL C2 S/F 4880x1220x14/1RA/TA69;62;5,168
3124004664;798496;TRU UL C2 S/F 4880x1220x12/1RA/TA78;0;0,001
3124054220;798496;TRU UL C2 S/F 4880x1220x12/1RA/TA78;78;5,573
3124073588;798496;TRU UL C2 S/F 4880x1220x12/1RA/TA78;0;0,001
3124081809;798496;TRU UL C2 S/F 4880x1220x12/1RA/TA78;1;0,071
3124087293;798496;TRU UL C2 S/F 4880x1220x12/1RA/TA78;1;0,071
3124109971;798496;TRU UL C2 S/F 4880x1220x12/1RA/TA78;1;0,071
3124112728;798496;TRU UL C2 S/F 4880x1220x12/1RA/TA78;1;0,071
3124124494;798496;TRU UL C2 S/F 4880x1220x12/1RA/TA78;0;0,001
3124157724;798496;TRU UL C2 S/F 4880x1220x12/1RA/TA78;0;0,001
3124191272;798496;TRU UL C2 S/F 4880x1220x12/1RA/TA78;78;5,573
3124191381;798496;TRU UL C2 S/F 4880x1220x12/1RA/TA78;60;4,287
3124191415;798496;TRU UL C2 S/F 4880x1220x12/1RA/TA78;78;5,573
3124191423;798496;TRU UL C2 S/F 4880x1220x12/1RA/TA78;78;5,573
3124191428;798496;TRU UL C2 S/F 4880x1220x12/1RA/TA78;15;1,072
3124193156;798496;TRU UL C2 S/F 4880x1220x12/1RA/TA78;78;5,573
3124193163;798496;TRU UL C2 S/F 4880x1220x12/1RA/TA78;78;5,573
3124193164;798496;TRU UL C2 S/F 4880x1220x12/1RA/TA78;78;5,573
3124193426;798496;TRU UL C2 S/F 4880x1220x12/1RA/TA78;78;5,573
3124193496;798496;TRU UL C2 S/F 4880x1220x12/1RA/TA78;78;5,573
3124193506;798496;TRU UL C2 S/F 4880x1220x12/1RA/TA78;78;5,573
3124195330;798496;TRU UL C2 S/F 4880x1220x12/1RA/TA78;0;0,001
3124217889;798496;TRU UL C2 S/F 4880x1220x12/1RA/TA78;78;5,573
3124218009;798496;TRU UL C2 S/F 4880x1220x12/1RA/TA78;78;5,573
3124218010;798496;TRU UL C2 S/F 4880x1220x12/1RA/TA78;78;5,573
3124218014;798496;TRU UL C2 S/F 4880x1220x12/1RA/TA78;78;5,573
3124218024;798496;TRU UL C2 S/F 4880x1220x12/1RA/TA78;78;5,573
3124218025;798496;TRU UL C2 S/F 4880x1220x12/1RA/TA78;78;5,573
3124218030;798496;TRU UL C2 S/F 4880x1220x12/1RA/TA78;78;5,573
3124218042;798496;TRU UL C2 S/F 4880x1220x12/1RA/TA78;78;5,573
3124218065;798496;TRU UL C2 S/F 4880x1220x12/1RA/TA78;78;5,573
3124218068;798496;TRU UL C2 S/F 4880x1220x12/1RA/TA78;18;1,286
3124218084;798496;TRU UL C2 S/F 4880x1220x12/1RA/TA78;46;3,286
3124218094;798496;TRU UL C2 S/F 4880x1220x12/1RA/TA78;78;5,573
3124218114;798496;TRU UL C2 S/F 4880x1220x12/1RA/TA78;42;3,001
3124219099;798496;TRU UL C2 S/F 4880x1220x12/1RA/TA78;79;5,644
3124223173;798496;TRU UL C2 S/F 4880x1220x12/1RA/TA78;78;5,573
3124223174;798496;TRU UL C2 S/F 4880x1220x12/1RA/TA78;78;5,573
3124223177;798496;TRU UL C2 S/F 4880x1220x12/1RA/TA78;78;5,573
3124223178;798496;TRU UL C2 S/F 4880x1220x12/1RA/TA78;78;5,573
3124223181;798496;TRU UL C2 S/F 4880x1220x12/1RA/TA78;78;5,573
3124223182;798496;TRU UL C2 S/F 4880x1220x12/1RA/TA78;78;5,573
3124223185;798496;TRU UL C2 S/F 4880x1220x12/1RA/TA78;78;5,573
3124223186;798496;TRU UL C2 S/F 4880x1220x12/1RA/TA78;78;5,573
3124223189;798496;TRU UL C2 S/F 4880x1220x12/1RA/TA78;78;5,573
3124223190;798496;TRU UL C2 S/F 4880x1220x12/1RA/TA78;78;5,573
3124223200;798496;TRU UL C2 S/F 4880x1220x12/1RA/TA78;78;5,573
3124223687;798496;TRU UL C2 S/F 4880x1220x12/1RA/TA78;78;5,573
3124223688;798496;TRU UL C2 S/F 4880x1220x12/1RA/TA78;78;5,573
3124223689;798496;TRU UL C2 S/F 4880x1220x12/1RA/TA78;78;5,573
3124223690;798496;TRU UL C2 S/F 4880x1220x12/1RA/TA78;78;5,573
3124223691;798496;TRU UL C2 S/F 4880x1220x12/1RA/TA78;78;5,573
3124223701;798496;TRU UL C2 S/F 4880x1220x12/1RA/TA78;78;5,573
3124223702;798496;TRU UL C2 S/F 4880x1220x12/1RA/TA78;78;5,573
3124223713;798496;TRU UL C2 S/F 4880x1220x12/1RA/TA78;78;5,573
3124223720;798496;TRU UL C2 S/F 4880x1220x12/1RA/TA78;78;5,573
3124223724;798496;TRU UL C2 S/F 4880x1220x12/1RA/TA78;78;5,573
3124223729;798496;TRU UL C2 S/F 4880x1220x12/1RA/TA78;78;5,573
3124223730;798496;TRU UL C2 S/F 4880x1220x12/1RA/TA78;62;4,429
3124224093;798496;TRU UL C2 S/F 4880x1220x12/1RA/TA78;78;5,573
3124047912;798499;TRU UL C2 S/F 4880x1220x17/1RA/TA54;1;0,101
3124048029;798499;TRU UL C2 S/F 4880x1220x17/1RA/TA54;1;0,1
3124077626;798499;TRU UL C2 S/F 4880x1220x17/1RA/TA54;1;0,101
3124086231;798499;TRU UL C2 S/F 4880x1220x17/1RA/TA54;1;0,101
3124116425;798499;TRU UL C2 S/F 4880x1220x17/1RA/TA54;1;0,101
3124116429;798499;TRU UL C2 S/F 4880x1220x17/1RA/TA54;1;0,101
3124123671;798499;TRU UL C2 S/F 4880x1220x17/1RA/TA54;0;0,001
3124123674;798499;TRU UL C2 S/F 4880x1220x17/1RA/TA54;1;0,101
3124123718;798499;TRU UL C2 S/F 4880x1220x17/1RA/TA54;1;0,101
3124123764;798499;TRU UL C2 S/F 4880x1220x17/1RA/TA54;54;5,465
3124154808;798499;TRU UL C2 S/F 4880x1220x17/1RA/TA54;0;0,001
3124157582;798499;TRU UL C2 S/F 4880x1220x17/1RA/TA54;1;0,101
3124168222;798499;TRU UL C2 S/F 4880x1220x17/1RA/TA54;1;0,101
3124176661;798499;TRU UL C2 S/F 4880x1220x17/1RA/TA54;0;0,001
3124193903;798499;TRU UL C2 S/F 4880x1220x17/1RA/TA54;24;2,429
3124194768;798499;TRU UL C2 S/F 4880x1220x17/1RA/TA54;0;0,001
3124194834;798499;TRU UL C2 S/F 4880x1220x17/1RA/TA54;54;5,465
3124211998;798499;TRU UL C2 S/F 4880x1220x17/1RA/TA54;15;1,518
3124215118;798499;TRU UL C2 S/F 4880x1220x17/1RA/TA54;30;3,036
3124215127;798499;TRU UL C2 S/F 4880x1220x17/1RA/TA54;54;5,465
3124215184;798499;TRU UL C2 S/F 4880x1220x17/1RA/TA54;54;5,465
3124215197;798499;TRU UL C2 S/F 4880x1220x17/1RA/TA54;54;5,465
3124219698;798499;TRU UL C2 S/F 4880x1220x17/1RA/TA54;5;0,506
3124222558;798499;TRU UL C2 S/F 4880x1220x17/1RA/TA54;54;5,465
3124222559;798499;TRU UL C2 S/F 4880x1220x17/1RA/TA54;54;5,465
3124222567;798499;TRU UL C2 S/F 4880x1220x17/1RA/TA54;54;5,465
3124222570;798499;TRU UL C2 S/F 4880x1220x17/1RA/TA54;54;5,465
3124222571;798499;TRU UL C2 S/F 4880x1220x17/1RA/TA54;54;5,465
3124222573;798499;TRU UL C2 S/F 4880x1220x17/1RA/TA54;54;5,465
3124082640;798502;TRU UL C2 S/F 5185x1220x17/1RA/TA54;1;0,107
3124101749;798502;TRU UL C2 S/F 5185x1220x17/1RA/TA54;0;0,001
3124164960;798502;TRU UL C2 S/F 5185x1220x17/1RA/TA54;25;2,689
3124191870;798502;TRU UL C2 S/F 5185x1220x17/1RA/TA54;54;5,807
3124191871;798502;TRU UL C2 S/F 5185x1220x17/1RA/TA54;19;2,044
3124191875;798502;TRU UL C2 S/F 5185x1220x17/1RA/TA54;16;1,721
3124191912;798502;TRU UL C2 S/F 5185x1220x17/1RA/TA54;21;2,258
3124191913;798502;TRU UL C2 S/F 5185x1220x17/1RA/TA54;21;2,258
3124191988;798502;TRU UL C2 S/F 5185x1220x17/1RA/TA54;45;4,839
3124191989;798502;TRU UL C2 S/F 5185x1220x17/1RA/TA54;45;4,839
3124200373;798502;TRU UL C2 S/F 5185x1220x17/1RA/TA54;50;5,377
3124200380;798502;TRU UL C2 S/F 5185x1220x17/1RA/TA54;49;5,269
3124200392;798502;TRU UL C2 S/F 5185x1220x17/1RA/TA54;54;5,807
3124214482;798502;TRU UL C2 S/F 5185x1220x17/1RA/TA54;38;4,086
3124214489;798502;TRU UL C2 S/F 5185x1220x17/1RA/TA54;13;1,398
3124168426;798511;TRU UL C2 S/F 4270x1220x15/1RA/TA64L2;19;1,485
3124168450;798511;TRU UL C2 S/F 4270x1220x15/1RA/TA64L2;10;0,781
3124214058;798511;TRU UL C2 S/F 4270x1220x15/1RA/TA64L2;44;3,438
3124214178;798511;TRU UL C2 S/F 4270x1220x15/1RA/TA64L2;42;3,282
3124214179;798511;TRU UL C2 S/F 4270x1220x15/1RA/TA64L2;42;3,282
3124042835;798521;TRU UL C2 S/F 4270x1220x14/1RA/TA69;18;1,312
3124172687;798521;TRU UL C2 S/F 4270x1220x14/1RA/TA69;12;0,875
3124040017;798537;TRU UL C2 S/F 2135x1220x15/1RA/TA64;18;0,703
3124046208;798537;TRU UL C2 S/F 2135x1220x15/1RA/TA64;28;1,094
3124152581;798537;TRU UL C2 S/F 2135x1220x15/1RA/TA64;1;0,039
3124160474;798537;TRU UL C2 S/F 2135x1220x15/1RA/TA64;64;2,501
3124160488;798537;TRU UL C2 S/F 2135x1220x15/1RA/TA64;41;1,602
3124160489;798537;TRU UL C2 S/F 2135x1220x15/1RA/TA64;64;2,501
3124160496;798537;TRU UL C2 S/F 2135x1220x15/1RA/TA64;6;0,234
3124160497;798537;TRU UL C2 S/F 2135x1220x15/1RA/TA64;64;2,501
3124160504;798537;TRU UL C2 S/F 2135x1220x15/1RA/TA64;12;0,469
3124160516;798537;TRU UL C2 S/F 2135x1220x15/1RA/TA64;1;0,038
3124160549;798537;TRU UL C2 S/F 2135x1220x15/1RA/TA64;40;1,563
3124063426;876899;TRU UL C2 S/F 3660x1220x18/1RA/TA54;54;4,34
3124063429;876899;TRU UL C2 S/F 3660x1220x18/1RA/TA54;54;4,34
3124063435;876899;TRU UL C2 S/F 3660x1220x18/1RA/TA54;6;0,482
3124063439;876899;TRU UL C2 S/F 3660x1220x18/1RA/TA54;54;4,34
3124063445;876899;TRU UL C2 S/F 3660x1220x18/1RA/TA54;54;4,34
3124063447;876899;TRU UL C2 S/F 3660x1220x18/1RA/TA54;54;4,34
3124063453;876899;TRU UL C2 S/F 3660x1220x18/1RA/TA54;14;1,125
3124158141;888779;TRU UL C2 S/F 2135x1220x14/1RA/TA69;3;0,109
3124164466;888779;TRU UL C2 S/F 2135x1220x14/1RA/TA69;69;2,516
3124164568;888779;TRU UL C2 S/F 2135x1220x14/1RA/TA69;69;2,516
3124195400;888779;TRU UL C2 S/F 2135x1220x14/1RA/TA69;69;2,516
3124195407;888779;TRU UL C2 S/F 2135x1220x14/1RA/TA69;69;2,516
3124195419;888779;TRU UL C2 S/F 2135x1220x14/1RA/TA69;33;1,203
3124199408;888779;TRU UL C2 S/F 2135x1220x14/1RA/TA69;69;2,516
3124199410;888779;TRU UL C2 S/F 2135x1220x14/1RA/TA69;21;0,766
3124199411;888779;TRU UL C2 S/F 2135x1220x14/1RA/TA69;69;2,516
3124199412;888779;TRU UL C2 S/F 2135x1220x14/1RA/TA69;69;2,516
3124199413;888779;TRU UL C2 S/F 2135x1220x14/1RA/TA69;69;2,516
3124199419;888779;TRU UL C2 S/F 2135x1220x14/1RA/TA69;69;2,516
3124199420;888779;TRU UL C2 S/F 2135x1220x14/1RA/TA69;69;2,516
3124199421;888779;TRU UL C2 S/F 2135x1220x14/1RA/TA69;69;2,516
3124199423;888779;TRU UL C2 S/F 2135x1220x14/1RA/TA69;36;1,313
3124199425;888779;TRU UL C2 S/F 2135x1220x14/1RA/TA69;69;2,516
3124087451;891197;TRU UL C2 S/F 3660x1220x12/1RA/TA78;27;1,447
3124087461;891197;TRU UL C2 S/F 3660x1220x12/1RA/TA78;21;1,125
3124087863;891197;TRU UL C2 S/F 3660x1220x12/1RA/TA78;1;0,053
3124114942;891197;TRU UL C2 S/F 3660x1220x12/1RA/TA78;9;0,482
3124114943;891197;TRU UL C2 S/F 3660x1220x12/1RA/TA78;51;2,732
3124164223;891197;TRU UL C2 S/F 3660x1220x12/1RA/TA78;33;1,768
3124172575;891197;TRU UL C2 S/F 3660x1220x12/1RA/TA78;36;1,929
3124172584;891197;TRU UL C2 S/F 3660x1220x12/1RA/TA78;78;4,179
3124172588;891197;TRU UL C2 S/F 3660x1220x12/1RA/TA78;78;4,179
3124172607;891197;TRU UL C2 S/F 3660x1220x12/1RA/TA78;48;2,572
3124196385;891197;TRU UL C2 S/F 3660x1220x12/1RA/TA78;78;4,179
3124196386;891197;TRU UL C2 S/F 3660x1220x12/1RA/TA78;78;4,179
3124196387;891197;TRU UL C2 S/F 3660x1220x12/1RA/TA78;78;4,179
3124196391;891197;TRU UL C2 S/F 3660x1220x12/1RA/TA78;78;4,179
3124196396;891197;TRU UL C2 S/F 3660x1220x12/1RA/TA78;78;4,179
3124196397;891197;TRU UL C2 S/F 3660x1220x12/1RA/TA78;78;4,179
3124196401;891197;TRU UL C2 S/F 3660x1220x12/1RA/TA78;78;4,179
3124196402;891197;TRU UL C2 S/F 3660x1220x12/1RA/TA78;78;4,179
3124196409;891197;TRU UL C2 S/F 3660x1220x12/1RA/TA78;47;2,518
3124196455;891197;TRU UL C2 S/F 3660x1220x12/1RA/TA78;78;4,179
3124219220;891197;TRU UL C2 S/F 3660x1220x12/1RA/TA78;18;0,964
3123735724;891200;TRU UL C2 S/F 3660x1220x15/1RA/TA64;10;0,67
3124087147;891200;TRU UL C2 S/F 3660x1220x15/1RA/TA64;42;2,813
3124166532;891200;TRU UL C2 S/F 3660x1220x15/1RA/TA64;53;3,55
3124170571;891201;TRU UL C2 S/F 5185x1220x18/1RA/TA54;23;2,619
3124170577;891201;TRU UL C2 S/F 5185x1220x18/1RA/TA54;54;6,149
3124170586;891201;TRU UL C2 S/F 5185x1220x18/1RA/TA54;8;0,911
3124170596;891201;TRU UL C2 S/F 5185x1220x18/1RA/TA54;8;0,911
3124198323;891201;TRU UL C2 S/F 5185x1220x18/1RA/TA54;46;5,238
3124072176;902667;TRU UL C2 S/F 4880x1220x20/1RA/TA48;1;0,119
3124105833;902667;TRU UL C2 S/F 4880x1220x20/1RA/TA48;1;0,119
3124171345;902667;TRU UL C2 S/F 4880x1220x20/1RA/TA48;1;0,119
3124048530;1069778;TRU UL C2 S/F 4880x1220x25/1RA/TA36;1;0,148
3124066866;1069778;TRU UL C2 S/F 4880x1220x25/1RA/TA36;1;0,148
3124171484;1069778;TRU UL C2 S/F 4880x1220x25/1RA/TA36;36;5,358
3124178482;1069778;TRU UL C2 S/F 4880x1220x25/1RA/TA36;12;1,786
3124178503;1069778;TRU UL C2 S/F 4880x1220x25/1RA/TA36;14;2,084
3123956105;1069779;TRU UL C2 S/F 5185x1220x25/1RA/TA38;0;0,001
3124171383;1069779;TRU UL C2 S/F 5185x1220x25/1RA/TA38;10;1,581
3124171384;1069779;TRU UL C2 S/F 5185x1220x25/1RA/TA38;4;0,633
3124171400;1069779;TRU UL C2 S/F 5185x1220x25/1RA/TA38;8;1,265
3124171420;1069779;TRU UL C2 S/F 5185x1220x25/1RA/TA38;26;4,111
3123965698;1069780;TRU UL C2 S/F 4880x1220x30/1RA/TA30;1;0,177
3124069986;1069780;TRU UL C2 S/F 4880x1220x30/1RA/TA30;1;0,178
3124088112;1069780;TRU UL C2 S/F 4880x1220x30/1RA/TA30;17;3,036
3124088113;1069780;TRU UL C2 S/F 4880x1220x30/1RA/TA30;8;1,429
3124077222;1173881;TRU UL C2 S/F 3660x1220x14/1RA/TA64;1;0,062
3124154272;1173881;TRU UL C2 S/F 3660x1220x14/1RA/TA64;4;0,25
3124172992;1173881;TRU UL C2 S/F 3660x1220x14/1RA/TA64;53;3,313
3124172994;1173881;TRU UL C2 S/F 3660x1220x14/1RA/TA64;64;4,001
3124219352;1173881;TRU UL C2 S/F 3660x1220x14/1RA/TA64;60;3,751
3124219359;1173881;TRU UL C2 S/F 3660x1220x14/1RA/TA64;64;4,001
3124219367;1173881;TRU UL C2 S/F 3660x1220x14/1RA/TA64;64;4,001
3124048459;1178345;TRU UL C2 S/F 5185x1220x20/1RA/TA48;1;0,126
3124066325;1178345;TRU UL C2 S/F 5185x1220x20/1RA/TA48;0;0,001
3124066337;1178345;TRU UL C2 S/F 5185x1220x20/1RA/TA48;48;6,073
3124066341;1178345;TRU UL C2 S/F 5185x1220x20/1RA/TA48;48;6,073
3124123482;1178345;TRU UL C2 S/F 5185x1220x20/1RA/TA48;29;3,669
3124157491;1178345;TRU UL C2 S/F 5185x1220x20/1RA/TA48;0;0,001
3124157492;1178345;TRU UL C2 S/F 5185x1220x20/1RA/TA48;3;0,38
3124157496;1178345;TRU UL C2 S/F 5185x1220x20/1RA/TA48;20;2,53
3124157502;1178345;TRU UL C2 S/F 5185x1220x20/1RA/TA48;48;6,073
3124048645;1178346;TRU UL C2 S/F 4880x1220x28/1RA/TA34;1;0,166
3123956019;1178347;TRU UL C2 S/F 4880x1220x22/1RA/TA44;1;0,13
3124065917;1178347;TRU UL C2 S/F 4880x1220x22/1RA/TA44;10;1,31
3124066129;1178347;TRU UL C2 S/F 4880x1220x22/1RA/TA44;44;5,763
3124066130;1178347;TRU UL C2 S/F 4880x1220x22/1RA/TA44;44;5,763
3124066138;1178347;TRU UL C2 S/F 4880x1220x22/1RA/TA44;44;5,763
3124066144;1178347;TRU UL C2 S/F 4880x1220x22/1RA/TA44;6;0,786
3124066148;1178347;TRU UL C2 S/F 4880x1220x22/1RA/TA44;44;5,763
3124048086;1178348;TRU UL C2 S/F 4324x1220x17/1RA/TA54;54;4,843
3124048105;1178348;TRU UL C2 S/F 4324x1220x17/1RA/TA54;59;5,291
3124055801;1178348;TRU UL C2 S/F 4324x1220x17/1RA/TA54;54;4,843
3124055808;1178348;TRU UL C2 S/F 4324x1220x17/1RA/TA54;28;2,511
3124123824;1178348;TRU UL C2 S/F 4324x1220x17/1RA/TA54;22;1,973
3124123829;1178348;TRU UL C2 S/F 4324x1220x17/1RA/TA54;45;4,036
3124123830;1178348;TRU UL C2 S/F 4324x1220x17/1RA/TA54;10;0,897
3124023069;1178349;TRU UL C2 S/F 4270x1220x17/1RA/TA54;14;1,24
3124110487;1178349;TRU UL C2 S/F 4270x1220x17/1RA/TA54;0;0,001
3124179255;1178349;TRU UL C2 S/F 4270x1220x17/1RA/TA54;26;2,302
3124179268;1178349;TRU UL C2 S/F 4270x1220x17/1RA/TA54;54;4,782
3124179286;1178349;TRU UL C2 S/F 4270x1220x17/1RA/TA54;8;0,709
3124194076;1178349;TRU UL C2 S/F 4270x1220x17/1RA/TA54;54;4,782
3124194077;1178349;TRU UL C2 S/F 4270x1220x17/1RA/TA54;54;4,782
3124194283;1178349;TRU UL C2 S/F 4270x1220x17/1RA/TA54;54;4,782
3124194284;1178349;TRU UL C2 S/F 4270x1220x17/1RA/TA54;54;4,782
3124194285;1178349;TRU UL C2 S/F 4270x1220x17/1RA/TA54;54;4,782
3124068934;1178351;TRU UL C2 S/F 4880x1220x15/1RA/TA64L2;0;0,001
3124068939;1178351;TRU UL C2 S/F 4880x1220x15/1RA/TA64L2;0;0,001
3124072512;1178351;TRU UL C2 S/F 4880x1220x15/1RA/TA64L2;0;0,001
3124077484;1178351;TRU UL C2 S/F 4880x1220x15/1RA/TA64L2;1;0,089
3124124010;1178351;TRU UL C2 S/F 4880x1220x15/1RA/TA64L2;1;0,089
3124154749;1178351;TRU UL C2 S/F 4880x1220x15/1RA/TA64L2;1;0,089
3124200166;1178351;TRU UL C2 S/F 4880x1220x15/1RA/TA64L2;0;0,001
3124219444;1178351;TRU UL C2 S/F 4880x1220x15/1RA/TA64L2;64;5,715
3124219467;1178351;TRU UL C2 S/F 4880x1220x15/1RA/TA64L2;39;3,483
3124219470;1178351;TRU UL C2 S/F 4880x1220x15/1RA/TA64L2;64;5,715
3124219476;1178351;TRU UL C2 S/F 4880x1220x15/1RA/TA64L2;4;0,357
3124219509;1178351;TRU UL C2 S/F 4880x1220x15/1RA/TA64L2;64;5,715
3124219510;1178351;TRU UL C2 S/F 4880x1220x15/1RA/TA64L2;10;0,893
3124219511;1178351;TRU UL C2 S/F 4880x1220x15/1RA/TA64L2;64;5,715
3124219522;1178351;TRU UL C2 S/F 4880x1220x15/1RA/TA64L2;33;2,946
3124219534;1178351;TRU UL C2 S/F 4880x1220x15/1RA/TA64L2;17;1,518
3124219539;1178351;TRU UL C2 S/F 4880x1220x15/1RA/TA64L2;20;1,786
3124222452;1178351;TRU UL C2 S/F 4880x1220x15/1RA/TA64L2;64;5,715
3124059973;1178355;TRU UL C2 S/F 4880x1220x18/1RA/TA54L2;1;0,106
3124060108;1178355;TRU UL C2 S/F 4880x1220x18/1RA/TA54L2;1;0,106
3124065111;1178355;TRU UL C2 S/F 4880x1220x18/1RA/TA54L2;1;0,106
3124068052;1178355;TRU UL C2 S/F 4880x1220x18/1RA/TA54L2;1;0,106
3124068100;1178355;TRU UL C2 S/F 4880x1220x18/1RA/TA54L2;1;0,107
3124068118;1178355;TRU UL C2 S/F 4880x1220x18/1RA/TA54L2;1;0,106
3124088060;1178355;TRU UL C2 S/F 4880x1220x18/1RA/TA54L2;1;0,107
3124088079;1178355;TRU UL C2 S/F 4880x1220x18/1RA/TA54L2;1;0,107
3124113483;1178355;TRU UL C2 S/F 4880x1220x18/1RA/TA54L2;1;0,107
3124113896;1178355;TRU UL C2 S/F 4880x1220x18/1RA/TA54L2;1;0,107
3124122883;1178355;TRU UL C2 S/F 4880x1220x18/1RA/TA54L2;1;0,107
3124159743;1178355;TRU UL C2 S/F 4880x1220x18/1RA/TA54L2;0;0,001
3124198260;1178355;TRU UL C2 S/F 4880x1220x18/1RA/TA54L2;54;5,787
3124200497;1178355;TRU UL C2 S/F 4880x1220x18/1RA/TA54L2;54;5,787
3124200561;1178355;TRU UL C2 S/F 4880x1220x18/1RA/TA54L2;54;5,787
3124211858;1178355;TRU UL C2 S/F 4880x1220x18/1RA/TA54L2;5;0,536
3124212727;1178355;TRU UL C2 S/F 4880x1220x18/1RA/TA54L2;6;0,643
3124212754;1178355;TRU UL C2 S/F 4880x1220x18/1RA/TA54L2;54;5,787
3124212757;1178355;TRU UL C2 S/F 4880x1220x18/1RA/TA54L2;29;3,108
3124212788;1178355;TRU UL C2 S/F 4880x1220x18/1RA/TA54L2;21;2,25
3124212806;1178355;TRU UL C2 S/F 4880x1220x18/1RA/TA54L2;54;5,787
3124077371;1178356;TRU UL C2 S/F 4570x1220x15/1RA/TA64L2;1;0,083
3124214182;1178356;TRU UL C2 S/F 4570x1220x15/1RA/TA64L2;1;0,084
3124214197;1178356;TRU UL C2 S/F 4570x1220x15/1RA/TA64L2;65;5,436
3124214208;1178356;TRU UL C2 S/F 4570x1220x15/1RA/TA64L2;65;5,436
3124214238;1178356;TRU UL C2 S/F 4570x1220x15/1RA/TA64L2;65;5,436
3124214254;1178356;TRU UL C2 S/F 4570x1220x15/1RA/TA64L2;65;5,436
3124214264;1178356;TRU UL C2 S/F 4570x1220x15/1RA/TA64L2;52;4,349
3124214271;1178356;TRU UL C2 S/F 4570x1220x15/1RA/TA64L2;14;1,171
3123964319;1178357;TRU UL C2 S/F 4270x1220x12/1RA/TA78L2;1;0,062
3123964333;1178357;TRU UL C2 S/F 4270x1220x12/1RA/TA78L2;1;0,062
3124124601;1178357;TRU UL C2 S/F 4270x1220x12/1RA/TA78L2;0;0,001
3124124623;1178357;TRU UL C2 S/F 4270x1220x12/1RA/TA78L2;0;0,001
3124195590;1178357;TRU UL C2 S/F 4270x1220x12/1RA/TA78L2;78;4,876
3124195601;1178357;TRU UL C2 S/F 4270x1220x12/1RA/TA78L2;63;3,938
3124195613;1178357;TRU UL C2 S/F 4270x1220x12/1RA/TA78L2;78;4,876
3124195616;1178357;TRU UL C2 S/F 4270x1220x12/1RA/TA78L2;78;4,876
3124195617;1178357;TRU UL C2 S/F 4270x1220x12/1RA/TA78L2;78;4,876
3124195619;1178357;TRU UL C2 S/F 4270x1220x12/1RA/TA78L2;30;1,875
3124195634;1178357;TRU UL C2 S/F 4270x1220x12/1RA/TA78L2;78;4,876
3124195639;1178357;TRU UL C2 S/F 4270x1220x12/1RA/TA78L2;8;0,5
3124195640;1178357;TRU UL C2 S/F 4270x1220x12/1RA/TA78L2;76;4,751
3124045731;1178358;TRU UL C2 S/F 4324x1220x15/1RA/TA64L2;1;0,077
3124057477;1178358;TRU UL C2 S/F 4324x1220x15/1RA/TA64L2;23;1,82
3124057489;1178358;TRU UL C2 S/F 4324x1220x15/1RA/TA64L2;23;1,82
3124057498;1178358;TRU UL C2 S/F 4324x1220x15/1RA/TA64L2;6;0,475
3124106099;1178358;TRU UL C2 S/F 4324x1220x15/1RA/TA64L2;11;0,87
3124115549;1178358;TRU UL C2 S/F 4324x1220x15/1RA/TA64L2;28;2,215
3124115567;1178358;TRU UL C2 S/F 4324x1220x15/1RA/TA64L2;14;1,108
3124118174;1178358;TRU UL C2 S/F 4324x1220x15/1RA/TA64L2;64;5,064
3124123862;1178358;TRU UL C2 S/F 4324x1220x15/1RA/TA64L2;64;5,064
3124123863;1178358;TRU UL C2 S/F 4324x1220x15/1RA/TA64L2;27;2,136
3124123867;1178358;TRU UL C2 S/F 4324x1220x15/1RA/TA64L2;64;5,064
3124002546;1178360;TRU UL C2 S/F 5185x1220x14/1RA/TA69;0;0,001
3124179745;1178360;TRU UL C2 S/F 5185x1220x14/1RA/TA69;45;3,985
3124198333;1178360;TRU UL C2 S/F 5185x1220x14/1RA/TA69;12;1,063
3124198337;1178360;TRU UL C2 S/F 5185x1220x14/1RA/TA69;33;2,923
3124199874;1178360;TRU UL C2 S/F 5185x1220x14/1RA/TA69;18;1,594
3124199931;1178360;TRU UL C2 S/F 5185x1220x14/1RA/TA69;69;6,111
3123950649;1178362;TRU LI C2 S/F 4270x1220x9/1RA/TA108;1;0,046
3124172716;1178362;TRU LI C2 S/F 4270x1220x9/1RA/TA108;1;0,046
3124200080;1178362;TRU LI C2 S/F 4270x1220x9/1RA/TA108;39;1,829
3124200082;1178362;TRU LI C2 S/F 4270x1220x9/1RA/TA108;21;0,985
3124200085;1178362;TRU LI C2 S/F 4270x1220x9/1RA/TA108;68;3,188
3124200086;1178362;TRU LI C2 S/F 4270x1220x9/1RA/TA108;48;2,251
3124200105;1178362;TRU LI C2 S/F 4270x1220x9/1RA/TA108;108;5,064
3123980372;1178363;TRU LI C2 S/F 4880x1220x9/1RA/TA108;1;0,053
3123980390;1178363;TRU LI C2 S/F 4880x1220x9/1RA/TA108;0;0,001
3124048168;1178363;TRU LI C2 S/F 4880x1220x9/1RA/TA108;108;5,787
3124048175;1178363;TRU LI C2 S/F 4880x1220x9/1RA/TA108;84;4,501
3124048213;1178363;TRU LI C2 S/F 4880x1220x9/1RA/TA108;108;5,787
3124048221;1178363;TRU LI C2 S/F 4880x1220x9/1RA/TA108;5;0,268
3124048222;1178363;TRU LI C2 S/F 4880x1220x9/1RA/TA108;61;3,269
3124048227;1178363;TRU LI C2 S/F 4880x1220x9/1RA/TA108;108;5,787
3124121066;1178369;TRU UL C2 S/F 5185x1220x12/1RA/TA78;1;0,075
3124193584;1178369;TRU UL C2 S/F 5185x1220x12/1RA/TA78;78;5,921
3124193586;1178369;TRU UL C2 S/F 5185x1220x12/1RA/TA78;78;5,921
3124193603;1178369;TRU UL C2 S/F 5185x1220x12/1RA/TA78;78;5,921
3124193614;1178369;TRU UL C2 S/F 5185x1220x12/1RA/TA78;69;5,238
3123956182;1178374;TRU UL C2 S/F 5185x1220x30/1RA/TA30;11;2,087
3124066361;1178374;TRU UL C2 S/F 5185x1220x30/1RA/TA30;20;3,795
3124066401;1178374;TRU UL C2 S/F 5185x1220x30/1RA/TA30;1;0,189
3123896022;1178375;TRU LI C2 S/F 4880x1220x10/1RA/TA96;54;3,215
3123896035;1178375;TRU LI C2 S/F 4880x1220x10/1RA/TA96;58;3,453
3124072443;1178379;TRU UL C2 S/F 5185x1220x15/1RA/TA64;0;0,001
3124088550;1178379;TRU UL C2 S/F 5185x1220x15/1RA/TA64;1;0,094
3124090103;1178379;TRU UL C2 S/F 5185x1220x15/1RA/TA64;0;0,001
3124100213;1178379;TRU UL C2 S/F 5185x1220x15/1RA/TA64;1;0,094
3124115819;1178379;TRU UL C2 S/F 5185x1220x15/1RA/TA64;0;0,001
3124115831;1178379;TRU UL C2 S/F 5185x1220x15/1RA/TA64;1;0,094
3124124174;1178379;TRU UL C2 S/F 5185x1220x15/1RA/TA64;64;6,073
3124124178;1178379;TRU UL C2 S/F 5185x1220x15/1RA/TA64;64;6,073
3124124190;1178379;TRU UL C2 S/F 5185x1220x15/1RA/TA64;64;6,073
3124124192;1178379;TRU UL C2 S/F 5185x1220x15/1RA/TA64;64;6,073
3124193783;1178379;TRU UL C2 S/F 5185x1220x15/1RA/TA64;3;0,285
3124214433;1178379;TRU UL C2 S/F 5185x1220x15/1RA/TA64;8;0,759
3124214442;1178379;TRU UL C2 S/F 5185x1220x15/1RA/TA64;64;6,073
3124214447;1178379;TRU UL C2 S/F 5185x1220x15/1RA/TA64;48;4,555
3123786960;1178380;TRU UL C2 S/F 4324x1220x12/1RA/TA78;0;0,001
3124106034;1178381;TRU UL C2 S/F 4376x1220x15/1RA/TA64;64;5,125
3124073687;1274922;TRU LI C2 4900x1220x17/1RA/TA-RIP54;54;5,488
3124073701;1274922;TRU LI C2 4900x1220x17/1RA/TA-RIP54;54;5,488
3124073702;1274922;TRU LI C2 4900x1220x17/1RA/TA-RIP54;54;5,488
3124073703;1274922;TRU LI C2 4900x1220x17/1RA/TA-RIP54;54;5,488
3124073711;1274922;TRU LI C2 4900x1220x17/1RA/TA-RIP54;54;5,488
3123846030;1278137;TRU UL C2 MOL 2440x1524x12/1RA/TA66;66;2,945
3124061465;1598610;TRU UL C2 S/F 4880x1220x11/1RA/TA78;0;0,001
3124174405;1598610;TRU UL C2 S/F 4880x1220x11/1RA/TA78;8;0,524
3124219121;1598610;TRU UL C2 S/F 4880x1220x11/1RA/TA78;78;5,108
3124219148;1598610;TRU UL C2 S/F 4880x1220x11/1RA/TA78;78;5,108
3124219149;1598610;TRU UL C2 S/F 4880x1220x11/1RA/TA78;78;5,108
3124219150;1598610;TRU UL C2 S/F 4880x1220x11/1RA/TA78;78;5,108
3124219157;1598610;TRU UL C2 S/F 4880x1220x11/1RA/TA78;78;5,108
3124219159;1598610;TRU UL C2 S/F 4880x1220x11/1RA/TA78;18;1,179
3124219182;1598610;TRU UL C2 S/F 4880x1220x11/1RA/TA78;78;5,108
3124219185;1598610;TRU UL C2 S/F 4880x1220x11/1RA/TA78;78;5,108
3123821133;1619237;TRU UL C2 3050x1220x18/1RA/TA54;1;0,066
3124168366;1630154;TRU UL C2 S/F 4570x1220x17/1RA/TA54;23;2,18
3124191737;1630154;TRU UL C2 S/F 4570x1220x17/1RA/TA54;54;5,118
3124191742;1630154;TRU UL C2 S/F 4570x1220x17/1RA/TA54;54;5,118
3124191751;1630154;TRU UL C2 S/F 4570x1220x17/1RA/TA54;31;2,938
3124191752;1630154;TRU UL C2 S/F 4570x1220x17/1RA/TA54;31;2,938
3124191763;1630154;TRU UL C2 S/F 4570x1220x17/1RA/TA54;32;3,033
3124048681;1636605;TRU UL C2 S/F 4880x1220x29/1RA/TA30;15;2,59
3124057562;1643189;TRU UL C2 S/F4475x1220x18/1RA/TA54L2;3;0,295
3124057563;1643189;TRU UL C2 S/F4475x1220x18/1RA/TA54L2;54;5,307
3123726030;1645163;TRU UL C2 S/F 5185x1220x22/1RA/TA44;33;4,593
3124171293;1645163;TRU UL C2 S/F 5185x1220x22/1RA/TA44;44;6,123
3124171294;1645163;TRU UL C2 S/F 5185x1220x22/1RA/TA44;44;6,123
3124171298;1645163;TRU UL C2 S/F 5185x1220x22/1RA/TA44;44;6,123
3124171300;1645163;TRU UL C2 S/F 5185x1220x22/1RA/TA44;44;6,123
3124171304;1645163;TRU UL C2 S/F 5185x1220x22/1RA/TA44;44;6,123
3124171305;1645163;TRU UL C2 S/F 5185x1220x22/1RA/TA44;44;6,123
3124171315;1645163;TRU UL C2 S/F 5185x1220x22/1RA/TA44;12;1,67
3124171316;1645163;TRU UL C2 S/F 5185x1220x22/1RA/TA44;44;6,123
3124171322;1645163;TRU UL C2 S/F 5185x1220x22/1RA/TA44;44;6,123
3124170350;1655064;TRU LI C2 S/F 5185x1220x15/1RA/TA35;30;2,847
3124170361;1655064;TRU LI C2 S/F 5185x1220x15/1RA/TA35;35;3,321
3124170392;1655064;TRU LI C2 S/F 5185x1220x15/1RA/TA35;35;3,321
3124170393;1655064;TRU LI C2 S/F 5185x1220x15/1RA/TA35;35;3,321
3124170412;1655064;TRU LI C2 S/F 5185x1220x15/1RA/TA35;35;3,321
3124170416;1655064;TRU LI C2 S/F 5185x1220x15/1RA/TA35;35;3,321
3124192199;1655064;TRU LI C2 S/F 5185x1220x15/1RA/TA35;32;3,036
3124154148;1678693;TRU LI C2 4880x1220x15/1RA/TA37;36;3,215
3124154149;1678693;TRU LI C2 4880x1220x15/1RA/TA37;36;3,215
3124170279;1678693;TRU LI C2 4880x1220x15/1RA/TA37;37;3,304
3124170283;1678693;TRU LI C2 4880x1220x15/1RA/TA37;37;3,304
3124170284;1678693;TRU LI C2 4880x1220x15/1RA/TA37;37;3,304
3124170289;1678693;TRU LI C2 4880x1220x15/1RA/TA37;37;3,304
3124178418;1678693;TRU LI C2 4880x1220x15/1RA/TA37;2;0,179
3124178441;1678693;TRU LI C2 4880x1220x15/1RA/TA37;17;1,518
3124044471;1757700;TRU UL C2 4880x1220x20/1RA/TA48;1;0,117
3124068465;1757707;TRU UL C2 5185x1220x15/1RA/TA63;42;3,985
3123740255;1762761;TRU UL C2 2160X1524X17/1RA/TA64;8;0,448
3124078488;1764691;TRU ST C2 S/F 2076x1220x17/1RA/TA54;54;2,325
3124078489;1764691;TRU ST C2 S/F 2076x1220x17/1RA/TA54;38;1,636
3124078490;1764691;TRU ST C2 S/F 2076x1220x17/1RA/TA54;40;1,722
3124078491;1764691;TRU ST C2 S/F 2076x1220x17/1RA/TA54;12;0,517
3124078492;1764691;TRU ST C2 S/F 2076x1220x17/1RA/TA54;54;2,325
3123845807;1764692;TRU ST C2 S/F 2482x1220x17/1RA/TA54;13;0,669
3124078446;1764692;TRU ST C2 S/F 2482x1220x17/1RA/TA54;54;2,78
3124078449;1764692;TRU ST C2 S/F 2482x1220x17/1RA/TA54;24;1,236
3124164663;1790259;TRU UL C2 S/F 2185x1220x15/1RA/TA64;53;2,119
3124177800;1790263;TRU UL C2 S/F 2160x1220x15/1RA/TA64;18;0,712
3124177801;1790263;TRU UL C2 S/F 2160x1220x15/1RA/TA64;64;2,53
3124177803;1790263;TRU UL C2 S/F 2160x1220x15/1RA/TA64;64;2,53
3124177831;1790263;TRU UL C2 S/F 2160x1220x15/1RA/TA64;28;1,107
3124177840;1790263;TRU UL C2 S/F 2160x1220x15/1RA/TA64;64;2,53
3124177842;1790263;TRU UL C2 S/F 2160x1220x15/1RA/TA64;64;2,53
3124177843;1790263;TRU UL C2 S/F 2160x1220x15/1RA/TA64;20;0,791
3124177844;1790263;TRU UL C2 S/F 2160x1220x15/1RA/TA64;64;2,53
3124177845;1790263;TRU UL C2 S/F 2160x1220x15/1RA/TA64;64;2,53
3124177852;1790263;TRU UL C2 S/F 2160x1220x15/1RA/TA64;16;0,632
3124177853;1790263;TRU UL C2 S/F 2160x1220x15/1RA/TA64;64;2,53
3124177862;1790263;TRU UL C2 S/F 2160x1220x15/1RA/TA64;64;2,53
3124214715;1790263;TRU UL C2 S/F 2160x1220x15/1RA/TA64;64;2,53
3124214716;1790263;TRU UL C2 S/F 2160x1220x15/1RA/TA64;64;2,53
3124214717;1790263;TRU UL C2 S/F 2160x1220x15/1RA/TA64;64;2,53
3124214719;1790263;TRU UL C2 S/F 2160x1220x15/1RA/TA64;64;2,53
3124214726;1790263;TRU UL C2 S/F 2160x1220x15/1RA/TA64;64;2,53
3124214727;1790263;TRU UL C2 S/F 2160x1220x15/1RA/TA64;64;2,53
3123743984;1790264;TRU UL C2 S/F 3050x1220x15/1RA/TA64;1;0,055
3124219246;1790267;TRU LI 2440x1220x15/1RA/TA62;23;1,027
3123913383;1796945;TRU UL C2 S/F 3660x1220x20/1RA/TA50;1;0,088
3123913386;1796945;TRU UL C2 S/F 3660x1220x20/1RA/TA50;1;0,089
3123913396;1796945;TRU UL C2 S/F 3660x1220x20/1RA/TA50;26;2,322
3124152501;1796945;TRU UL C2 S/F 3660x1220x20/1RA/TA50;20;1,786
3124152504;1796945;TRU UL C2 S/F 3660x1220x20/1RA/TA50;4;0,357
3124191303;1796945;TRU UL C2 S/F 3660x1220x20/1RA/TA50;50;4,465
3124191304;1796945;TRU UL C2 S/F 3660x1220x20/1RA/TA50;50;4,465
3124191307;1796945;TRU UL C2 S/F 3660x1220x20/1RA/TA50;50;4,465
3124218915;1847272;TRU UL C2 S/F 4880x1170x12/1RA/TA78;78;5,344
3124218916;1847272;TRU UL C2 S/F 4880x1170x12/1RA/TA78;78;5,344
3124220121;1849508;TRU UL C2 S/F 5185x1220x19/1RA/TA49;49;5,889
3124220125;1849508;TRU UL C2 S/F 5185x1220x19/1RA/TA49;49;5,889
3623236203;788338;TABLILLA PARA MOLD. MDF 2135x41x15 MM;1;0,001
3623292846;788371;TABLILLA PARA MOLD. MDF 2135x58x15 MM;1270;2,359
3623251816;788463;TABLILLA PARA MOLD. MDF 2159x58x15 MM;271;0,488
3623294343;788507;TABLILLA PARA MOLD. MDF 2160x58x15 MM;1320;2,481
3623294374;788507;TABLILLA PARA MOLD. MDF 2160x58x15 MM;1160;2,18
3623291369;788571;TABLILLA PARA MOLD. MDF 2185x83x15 MM;924;2,514
3623291373;788571;TABLILLA PARA MOLD. MDF 2185x83x15 MM;714;1,942
3623192519;788573;TABLILLA PARA MOLD. MDF 2185x84x15 MM;1;0,003
3623192524;788573;TABLILLA PARA MOLD. MDF 2185x84x15 MM;1;0,003
3623282290;788715;TABLILLA PARA MOLD. MDF 2440x128x15 MM;1135;5,313
3623282301;788715;TABLILLA PARA MOLD. MDF 2440x128x15 MM;1135;5,313
3623282309;788715;TABLILLA PARA MOLD. MDF 2440x128x15 MM;1189;5,566
3623282315;788715;TABLILLA PARA MOLD. MDF 2440x128x15 MM;1135;5,313
3623282323;788715;TABLILLA PARA MOLD. MDF 2440x128x15 MM;1135;5,313
3623282422;788715;TABLILLA PARA MOLD. MDF 2440x128x15 MM;1081;5,06
3623282426;788715;TABLILLA PARA MOLD. MDF 2440x128x15 MM;324;1,518
3623148626;788725;TABLILLA PARA MOLD. MDF 2440x134x14 MM;1;0,005
3623292746;788812;TABLILLA PARA MOLD. MDF 2440x286x17 MM;128;1,518
3623194141;788878;TABLILLA PARA MOLD. MDF 2440x64x18 MM;1;0,003
3623231134;788944;TABLILLA PARA MOLD. MDF 2440x83x14 MM;1;0,003
3623272909;788977;TABLILLA PARA MOLD. MDF 2440x89x17 MM;1404;5,183
3623272929;788977;TABLILLA PARA MOLD. MDF 2440x89x17 MM;1404;5,183
3623303227;789049;TABLILLA PARA MOLD. MDF 2590x83x15 MM;1766;5,688
3623303235;789049;TABLILLA PARA MOLD. MDF 2590x83x15 MM;1794;5,778
3623185431;789152;TABLILLA PARA MOLD. MDF 3660x109x14 MM;1;0,006
3623267237;789205;TABLILLA PARA MOLD. MDF 3660x140x15 MM;384;2,951
3623267242;789205;TABLILLA PARA MOLD. MDF 3660x140x15 MM;240;1,845
3623270959;789462;TABLILLA PARA MOLD. MDF 4270x58x17 MM;1080;4,547
3623293083;789467;TABLILLA PARA MOLD. MDF 4270x59x15 MM;1260;4,761
3623293085;789467;TABLILLA PARA MOLD. MDF 4270x59x15 MM;420;1,587
3623257880;789485;TABLILLA PARA MOLD. MDF 4270x71x12 MM;1;0,004
3623302577;789503;TABLILLA PARA MOLD. MDF 4270x83x12 MM;1173;4,984
3623302588;789503;TABLILLA PARA MOLD. MDF 4270x83x12 MM;1171;4,976
3623302594;789503;TABLILLA PARA MOLD. MDF 4270x83x12 MM;1131;4,806
3623302447;789593;TABLILLA PARA MOLD. MDF 4570x77x15 MM;990;5,226
3623302467;789593;TABLILLA PARA MOLD. MDF 4570x77x15 MM;945;4,988
3623302473;789593;TABLILLA PARA MOLD. MDF 4570x77x15 MM;945;4,988
3623302477;789593;TABLILLA PARA MOLD. MDF 4570x77x15 MM;945;4,988
3623302483;789593;TABLILLA PARA MOLD. MDF 4570x77x15 MM;945;4,988
3623302643;789593;TABLILLA PARA MOLD. MDF 4570x77x15 MM;945;4,988
3623274293;789621;TABLILLA PARA MOLD. MDF 4570x90x17 MM;728;5,09
3623289298;789707;TABLILLA PARA MOLD. MDF 4880x109x12 MM;858;5,477
3623289306;789707;TABLILLA PARA MOLD. MDF 4880x109x12 MM;832;5,311
3623289309;789707;TABLILLA PARA MOLD. MDF 4880x109x12 MM;858;5,477
3623283953;789710;TABLILLA PARA MOLD. MDF 4880x109x17 MM;594;5,371
3623284040;789710;TABLILLA PARA MOLD. MDF 4880x109x17 MM;594;5,371
3623299963;789710;TABLILLA PARA MOLD. MDF 4880x109x17 MM;594;5,371
3623299973;789710;TABLILLA PARA MOLD. MDF 4880x109x17 MM;275;2,487
3623299981;789710;TABLILLA PARA MOLD. MDF 4880x109x17 MM;319;2,885
3623301425;789710;TABLILLA PARA MOLD. MDF 4880x109x17 MM;594;5,371
3623301521;789710;TABLILLA PARA MOLD. MDF 4880x109x17 MM;374;3,382
3623302844;789710;TABLILLA PARA MOLD. MDF 4880x109x17 MM;572;5,172
3623302850;789710;TABLILLA PARA MOLD. MDF 4880x109x17 MM;638;5,769
3623302854;789710;TABLILLA PARA MOLD. MDF 4880x109x17 MM;594;5,371
3623302860;789710;TABLILLA PARA MOLD. MDF 4880x109x17 MM;594;5,371
3623302888;789710;TABLILLA PARA MOLD. MDF 4880x109x17 MM;572;5,172
3623302911;789710;TABLILLA PARA MOLD. MDF 4880x109x17 MM;264;2,387
3623303229;789710;TABLILLA PARA MOLD. MDF 4880x109x17 MM;168;1,519
3623287757;789752;TABLILLA PARA MOLD. MDF 4880x115x12 MM;751;5,051
3623287769;789752;TABLILLA PARA MOLD. MDF 4880x115x12 MM;781;5,253
3623287795;789752;TABLILLA PARA MOLD. MDF 4880x115x12 MM;721;4,849
3623287831;789752;TABLILLA PARA MOLD. MDF 4880x115x12 MM;760;5,118
3623287841;789752;TABLILLA PARA MOLD. MDF 4880x115x12 MM;801;5,388
3623287847;789752;TABLILLA PARA MOLD. MDF 4880x115x12 MM;760;5,118
3623287851;789752;TABLILLA PARA MOLD. MDF 4880x115x12 MM;801;5,388
3623288027;789752;TABLILLA PARA MOLD. MDF 4880x115x12 MM;838;5,637
3623303146;789752;TABLILLA PARA MOLD. MDF 4880x115x12 MM;801;5,388
3623303152;789752;TABLILLA PARA MOLD. MDF 4880x115x12 MM;821;5,522
3623303170;789752;TABLILLA PARA MOLD. MDF 4880x115x12 MM;781;5,253
3623303213;789752;TABLILLA PARA MOLD. MDF 4880x115x12 MM;801;5,388
3623303231;789752;TABLILLA PARA MOLD. MDF 4880x115x12 MM;801;5,388
3623303239;789752;TABLILLA PARA MOLD. MDF 4880x115x12 MM;801;5,388
3623303247;789752;TABLILLA PARA MOLD. MDF 4880x115x12 MM;801;5,388
3623303257;789752;TABLILLA PARA MOLD. MDF 4880x115x12 MM;801;5,388
3623303268;789752;TABLILLA PARA MOLD. MDF 4880x115x12 MM;600;4,041
3623263261;789753;TABLILLA PARA MOLD. MDF 4880x115x14 MM;1;0,008
3622858616;789754;TABLILLA PARA MOLD. MDF 4880x115x15 MM;329;2,77
3623292216;789794;TABLILLA PARA MOLD. MDF 4880x119x18 MM;340;3,554
3623290920;789824;TABLILLA PARA MOLD. MDF 4880x128x14 MM;620;5,422
3623290926;789824;TABLILLA PARA MOLD. MDF 4880x128x14 MM;621;5,431
3623290932;789824;TABLILLA PARA MOLD. MDF 4880x128x14 MM;405;3,542
3623288564;789843;TABLILLA PARA MOLD. MDF 4880x133x12 MM;711;5,538
3623288574;789843;TABLILLA PARA MOLD. MDF 4880x133x12 MM;702;5,468
3623288580;789843;TABLILLA PARA MOLD. MDF 4880x133x12 MM;702;5,468
3623288596;789843;TABLILLA PARA MOLD. MDF 4880x133x12 MM;756;5,888
3623288604;789843;TABLILLA PARA MOLD. MDF 4880x133x12 MM;756;5,888
3623288621;789843;TABLILLA PARA MOLD. MDF 4880x133x12 MM;756;5,888
3623194044;789851;TABLILLA PARA MOLD. MDF 4880x134x14 MM;1;0,009
3623293269;789851;TABLILLA PARA MOLD. MDF 4880x134x14 MM;621;5,685
3623293315;789851;TABLILLA PARA MOLD. MDF 4880x134x14 MM;621;5,685
3623293323;789851;TABLILLA PARA MOLD. MDF 4880x134x14 MM;621;5,685
3623293340;789851;TABLILLA PARA MOLD. MDF 4880x134x14 MM;621;5,685
3623293354;789851;TABLILLA PARA MOLD. MDF 4880x134x14 MM;621;5,685
3623293430;789851;TABLILLA PARA MOLD. MDF 4880x134x14 MM;495;4,532
3623281035;789852;TABLILLA PARA MOLD. MDF 4880x134x15 MM;576;5,65
3623287803;789852;TABLILLA PARA MOLD. MDF 4880x134x15 MM;567;5,562
3623287818;789852;TABLILLA PARA MOLD. MDF 4880x134x15 MM;540;5,297
3623287825;789852;TABLILLA PARA MOLD. MDF 4880x134x15 MM;135;1,324
3623300241;789852;TABLILLA PARA MOLD. MDF 4880x134x15 MM;567;5,562
3623283820;789855;TABLILLA PARA MOLD. MDF 4880x134x20 MM;450;5,885
3623303072;789863;TABLILLA PARA MOLD. MDF 4880x135x18 MM;486;5,763
3623303080;789863;TABLILLA PARA MOLD. MDF 4880x135x18 MM;483;5,728
3623303092;789863;TABLILLA PARA MOLD. MDF 4880x135x18 MM;486;5,763
3623303105;789863;TABLILLA PARA MOLD. MDF 4880x135x18 MM;483;5,728
3623303116;789863;TABLILLA PARA MOLD. MDF 4880x135x18 MM;135;1,601
3623281733;789882;TABLILLA PARA MOLD. MDF 4880x138x30 MM;264;5,334
3623287217;789890;TABLILLA PARA MOLD. MDF 4880x140x12 MM;640;5,247
3623302193;789890;TABLILLA PARA MOLD. MDF 4880x140x12 MM;656;5,378
3623302469;789890;TABLILLA PARA MOLD. MDF 4880x140x12 MM;672;5,509
3623287748;789893;TABLILLA PARA MOLD. MDF 4880x140x17 MM;432;5,017
3623287752;789893;TABLILLA PARA MOLD. MDF 4880x140x17 MM;432;5,017
3623287758;789893;TABLILLA PARA MOLD. MDF 4880x140x17 MM;432;5,017
3623280157;789897;TABLILLA PARA MOLD. MDF 4880x140x25 MM;288;4,919
3623280160;789897;TABLILLA PARA MOLD. MDF 4880x140x25 MM;288;4,919
3623255972;789900;TABLILLA PARA MOLD. MDF 4880x141x12 MM;1;0,008
3623295675;789900;TABLILLA PARA MOLD. MDF 4880x141x12 MM;624;5,152
3623295684;789900;TABLILLA PARA MOLD. MDF 4880x141x12 MM;616;5,086
3623296432;789900;TABLILLA PARA MOLD. MDF 4880x141x12 MM;672;5,549
3623302761;789900;TABLILLA PARA MOLD. MDF 4880x141x12 MM;704;5,813
3623302770;789900;TABLILLA PARA MOLD. MDF 4880x141x12 MM;672;5,549
3623302774;789900;TABLILLA PARA MOLD. MDF 4880x141x12 MM;672;5,549
3623302784;789900;TABLILLA PARA MOLD. MDF 4880x141x12 MM;672;5,549
3623302785;789900;TABLILLA PARA MOLD. MDF 4880x141x12 MM;690;5,697
3623289992;789901;TABLILLA PARA MOLD. MDF 4880x141x14 MM;552;5,317
3623290003;789901;TABLILLA PARA MOLD. MDF 4880x141x14 MM;552;5,317
3623271249;789902;TABLILLA PARA MOLD. MDF 4880x141x15 MM;528;5,45
3623271273;789902;TABLILLA PARA MOLD. MDF 4880x141x15 MM;528;5,45
3623271281;789902;TABLILLA PARA MOLD. MDF 4880x141x15 MM;384;3,963
3623289506;789902;TABLILLA PARA MOLD. MDF 4880x141x15 MM;480;4,954
3623289543;789902;TABLILLA PARA MOLD. MDF 4880x141x15 MM;480;4,954
3623289973;789902;TABLILLA PARA MOLD. MDF 4880x141x15 MM;216;2,229
3623276713;789911;TABLILLA PARA MOLD. MDF 4880x142x15 MM;504;5,239
3623280959;789961;TABLILLA PARA MOLD. MDF 4880x153x17 MM;518;6,575
3623303048;790019;TABLILLA PARA MOLD. MDF 4880x166x15 MM;448;5,444
3623302974;790046;TABLILLA PARA MOLD. MDF 4880x172x18 MM;378;5,711
3623303038;790046;TABLILLA PARA MOLD. MDF 4880x172x18 MM;378;5,711
3623303039;790046;TABLILLA PARA MOLD. MDF 4880x172x18 MM;63;0,952
3623302554;790099;TABLILLA PARA MOLD. MDF 4880x185x15 MM;246;3,331
3623302555;790099;TABLILLA PARA MOLD. MDF 4880x185x15 MM;360;4,875
3623269324;790100;TABLILLA PARA MOLD. MDF 4880x185x17 MM;1;0,015
3623302553;790100;TABLILLA PARA MOLD. MDF 4880x185x17 MM;342;5,249
3623302203;790101;TABLILLA PARA MOLD. MDF 4880x185x18 MM;324;5,265
3623301741;790154;TABLILLA PARA MOLD. MDF 4880x203x25 MM;138;3,418
3623236964;790216;TABLILLA PARA MOLD. MDF 4880x235x17 MM;1;0,019
3623236972;790216;TABLILLA PARA MOLD. MDF 4880x235x17 MM;1;0,019
3623297363;790272;TABLILLA PARA MOLD. MDF 4880x32x9 MM;1694;2,389
3623291819;790309;TABLILLA PARA MOLD. MDF 4880x43x17 MM;1619;5,779
3623148880;790357;TABLILLA PARA MOLD. MDF 4880x58x15 MM;1;0,004
3623227696;790357;TABLILLA PARA MOLD. MDF 4880x58x15 MM;1;0,004
3623175471;790446;TABLILLA PARA MOLD. MDF 4880x77x15 MM;1;0,006
3623175480;790446;TABLILLA PARA MOLD. MDF 4880x77x15 MM;1;0,006
3623175485;790446;TABLILLA PARA MOLD. MDF 4880x77x15 MM;1;0,006
3623175497;790446;TABLILLA PARA MOLD. MDF 4880x77x15 MM;1;0,006
3623228503;790446;TABLILLA PARA MOLD. MDF 4880x77x15 MM;1;0,006
3623228525;790446;TABLILLA PARA MOLD. MDF 4880x77x15 MM;1;0,006
3623189298;790481;TABLILLA PARA MOLD. MDF 4880x83x12 MM;1;0,005
3623288921;790481;TABLILLA PARA MOLD. MDF 4880x83x12 MM;700;3,402
3623296157;790481;TABLILLA PARA MOLD. MDF 4880x83x12 MM;1092;5,308
3623297095;790481;TABLILLA PARA MOLD. MDF 4880x83x12 MM;1106;5,376
3623297107;790481;TABLILLA PARA MOLD. MDF 4880x83x12 MM;1092;5,308
3623297131;790481;TABLILLA PARA MOLD. MDF 4880x83x12 MM;1099;5,342
3623297152;790481;TABLILLA PARA MOLD. MDF 4880x83x12 MM;1092;5,308
3623297189;790481;TABLILLA PARA MOLD. MDF 4880x83x12 MM;1090;5,298
3623297603;790481;TABLILLA PARA MOLD. MDF 4880x83x12 MM;1215;5,905
3623302561;790481;TABLILLA PARA MOLD. MDF 4880x83x12 MM;1050;5,104
3623302563;790481;TABLILLA PARA MOLD. MDF 4880x83x12 MM;336;1,633
3623300808;790489;TABLILLA PARA MOLD. MDF 4880x84x12 MM;420;2,066
3623303188;790489;TABLILLA PARA MOLD. MDF 4880x84x12 MM;1092;5,372
3623303269;790489;TABLILLA PARA MOLD. MDF 4880x84x12 MM;1092;5,372
3623273565;790531;TABLILLA PARA MOLD. MDF 4880x89x17 MM;702;5,183
3623282247;790531;TABLILLA PARA MOLD. MDF 4880x89x17 MM;780;5,759
3623286801;790538;TABLILLA PARA MOLD. MDF 4880x90x12 MM;1014;5,344
3623288825;790538;TABLILLA PARA MOLD. MDF 4880x90x12 MM;1014;5,344
3623302141;790538;TABLILLA PARA MOLD. MDF 4880x90x12 MM;1014;5,344
3623302160;790538;TABLILLA PARA MOLD. MDF 4880x90x12 MM;1014;5,344
3623302184;790538;TABLILLA PARA MOLD. MDF 4880x90x12 MM;1014;5,344
3623302194;790538;TABLILLA PARA MOLD. MDF 4880x90x12 MM;1014;5,344
3623302213;790538;TABLILLA PARA MOLD. MDF 4880x90x12 MM;1014;5,344
3623302220;790538;TABLILLA PARA MOLD. MDF 4880x90x12 MM;780;4,111
3623302562;790538;TABLILLA PARA MOLD. MDF 4880x90x12 MM;1014;5,344
3623302564;790538;TABLILLA PARA MOLD. MDF 4880x90x12 MM;975;5,139
3623302565;790538;TABLILLA PARA MOLD. MDF 4880x90x12 MM;663;3,494
3623302933;790538;TABLILLA PARA MOLD. MDF 4880x90x12 MM;1014;5,344
3623303047;790538;TABLILLA PARA MOLD. MDF 4880x90x12 MM;1014;5,344
3623303050;790538;TABLILLA PARA MOLD. MDF 4880x90x12 MM;1014;5,344
3623303065;790538;TABLILLA PARA MOLD. MDF 4880x90x12 MM;1014;5,344
3623303069;790538;TABLILLA PARA MOLD. MDF 4880x90x12 MM;1014;5,344
3623303070;790538;TABLILLA PARA MOLD. MDF 4880x90x12 MM;975;5,139
3623303081;790538;TABLILLA PARA MOLD. MDF 4880x90x12 MM;1014;5,344
3623303091;790538;TABLILLA PARA MOLD. MDF 4880x90x12 MM;1014;5,344
3623303104;790538;TABLILLA PARA MOLD. MDF 4880x90x12 MM;1053;5,55
3623303109;790538;TABLILLA PARA MOLD. MDF 4880x90x12 MM;1014;5,344
3623303110;790538;TABLILLA PARA MOLD. MDF 4880x90x12 MM;1053;5,55
3623303122;790538;TABLILLA PARA MOLD. MDF 4880x90x12 MM;1053;5,55
3623303159;790538;TABLILLA PARA MOLD. MDF 4880x90x12 MM;1131;5,961
3623303169;790538;TABLILLA PARA MOLD. MDF 4880x90x12 MM;1014;5,344
3623303178;790538;TABLILLA PARA MOLD. MDF 4880x90x12 MM;286;1,507
3623302077;790539;TABLILLA PARA MOLD. MDF 4880x90x14 MM;897;5,515
3623302086;790539;TABLILLA PARA MOLD. MDF 4880x90x14 MM;819;5,036
3623302098;790539;TABLILLA PARA MOLD. MDF 4880x90x14 MM;273;1,679
3623291639;790540;TABLILLA PARA MOLD. MDF 4880x90x15 MM;611;4,025
3623291703;790540;TABLILLA PARA MOLD. MDF 4880x90x15 MM;819;5,396
3623291728;790540;TABLILLA PARA MOLD. MDF 4880x90x15 MM;819;5,396
3623284822;790542;TABLILLA PARA MOLD. MDF 4880x90x18 MM;700;5,534
3623292511;790542;TABLILLA PARA MOLD. MDF 4880x90x18 MM;650;5,139
3623292651;790542;TABLILLA PARA MOLD. MDF 4880x90x18 MM;702;5,55
3623292657;790542;TABLILLA PARA MOLD. MDF 4880x90x18 MM;702;5,55
3623292660;790542;TABLILLA PARA MOLD. MDF 4880x90x18 MM;702;5,55
3623292669;790542;TABLILLA PARA MOLD. MDF 4880x90x18 MM;434;3,431
3623301825;790545;TABLILLA PARA MOLD. MDF 4880x90x25 MM;468;5,139
3623301831;790545;TABLILLA PARA MOLD. MDF 4880x90x25 MM;468;5,139
3623301853;790545;TABLILLA PARA MOLD. MDF 4880x90x25 MM;468;5,139
3623301858;790545;TABLILLA PARA MOLD. MDF 4880x90x25 MM;468;5,139
3623301879;790545;TABLILLA PARA MOLD. MDF 4880x90x25 MM;468;5,139
3623301940;790545;TABLILLA PARA MOLD. MDF 4880x90x25 MM;300;3,294
3623288453;790630;TABLILLA PARA MOLD. MDF 5185x115x30 MM;290;5,188
3623297852;790652;TABLILLA PARA MOLD. MDF 5185x36x12 MM;1380;3,091
3623297870;790652;TABLILLA PARA MOLD. MDF 5185x36x12 MM;960;2,15
3623298060;790652;TABLILLA PARA MOLD. MDF 5185x36x12 MM;1890;4,233
3623181902;790665;TABLILLA PARA MOLD. MDF 5185x57x14 MM;1;0,004
3623284730;790667;TABLILLA PARA MOLD. MDF 5185x57x17 MM;100;0,502
3623292387;790669;TABLILLA PARA MOLD. MDF 5185x58x14 MM;1380;5,81
3623293989;790669;TABLILLA PARA MOLD. MDF 5185x58x14 MM;1380;5,81
3623294700;790669;TABLILLA PARA MOLD. MDF 5185x58x14 MM;1380;5,81
3623294734;790669;TABLILLA PARA MOLD. MDF 5185x58x14 MM;1380;5,81
3623295010;790669;TABLILLA PARA MOLD. MDF 5185x58x14 MM;1440;6,063
3623290120;790670;TABLILLA PARA MOLD. MDF 5185x58x15 MM;1260;5,684
3623290135;790670;TABLILLA PARA MOLD. MDF 5185x58x15 MM;1260;5,684
3623290148;790670;TABLILLA PARA MOLD. MDF 5185x58x15 MM;1320;5,954
3623290748;790670;TABLILLA PARA MOLD. MDF 5185x58x15 MM;540;2,436
3623240587;790692;TABLILLA PARA MOLD. MDF 5185x65x15 MM;1;0,005
3623271574;790713;TABLILLA PARA MOLD. MDF 5185x77x15 MM;856;5,12
3623271591;790713;TABLILLA PARA MOLD. MDF 5185x77x15 MM;856;5,12
3623302817;790734;TABLILLA PARA MOLD. MDF 5185x83x12 MM;1004;5,185
3623297614;790741;TABLILLA PARA MOLD. MDF 5185x83x30 MM;420;5,422
3623297623;790741;TABLILLA PARA MOLD. MDF 5185x83x30 MM;420;5,422
3623297814;790741;TABLILLA PARA MOLD. MDF 5185x83x30 MM;390;5,035
3623188450;790772;TABLILLA PARA MOLD. MDF 5185x90x17 MM;1;0,008
3623288933;790776;TABLILLA PARA MOLD. MDF 5185x90x25 MM;338;3,943
3623292592;804605;TABLILLA PARA MOLD. MDF 4880x156x14 MM;476;5,074
3623292616;804605;TABLILLA PARA MOLD. MDF 4880x156x14 MM;483;5,149
3623303251;1015927;TABLILLA PARA MOLD. MDF 4880x128x17 MM;432;4,587
3623280818;1321820;TABLILLA PARA MOLD. MDF 4900x287x17 MM;216;5,164
3623280825;1321820;TABLILLA PARA MOLD. MDF 4900x287x17 MM;220;5,26
3623281817;1321820;TABLILLA PARA MOLD. MDF 4900x287x17 MM;215;5,14
3623281841;1321820;TABLILLA PARA MOLD. MDF 4900x287x17 MM;216;5,164
3623282168;1321820;TABLILLA PARA MOLD. MDF 4900x287x17 MM;216;5,164
3623282737;1321820;TABLILLA PARA MOLD. MDF 4900x287x17 MM;216;5,164
3623293024;1620226;TABLILLA PARA MOLD. MDF 4324x58x15 MM;630;2,37
3623139309;1680105;TABLILLA PARA MOLD. MDF 5185x117x17 MM;90;0,928
3623296791;1704653;TABLILLA PARA MOLD. MDF 4270x32x10 MM;2720;3,717
3623296798;1704653;TABLILLA PARA MOLD. MDF 4270x32x10 MM;2625;3,587
3623291793;1704655;TABLILLA PARA MOLD. MDF 4270x33x9 MM;250;0,317
3623294853;1704659;TABLILLA PARA MOLD. MDF 4270x41x15 MM;854;2,243
3623293931;1765305;TABLILLA PARA MOLD. MDF 2482x117x17 MM;380;1,876
3623289213;1769814;TABLILLA PARA MOLD. MDF 5185x43x12 MM;990;2,649
3623286974;1783386;TABLILLA PARA MOLD. MDF 4880x24x20 MM;1395;3,268
3623287295;1783386;TABLILLA PARA MOLD. MDF 4880x24x20 MM;1656;3,879
3623297444;1836509;TABLILLA PARA MOLD. MDF 4376x35x12 MM;1800;3,308
3623292155;789356;TABLILLA PARA MOLD. MDF 3660x84x12 MM;630;2,324
3623279174;789709;TABLILLA PARA MOLD. MDF 4880x109x15 MM;504;4,021
3623279187;789709;TABLILLA PARA MOLD. MDF 4880x109x15 MM;504;4,021
3623279378;789709;TABLILLA PARA MOLD. MDF 4880x109x15 MM;111;0,886
3623296039;789709;TABLILLA PARA MOLD. MDF 4880x109x15 MM;465;3,71
3623249327;789904;TABLILLA PARA MOLD. MDF 4880x141x18 MM;110;1,362
3623265712;789904;TABLILLA PARA MOLD. MDF 4880x141x18 MM;180;2,229
3623272287;789904;TABLILLA PARA MOLD. MDF 4880x141x18 MM;64;0,793
3623292143;789904;TABLILLA PARA MOLD. MDF 4880x141x18 MM;210;2,601
3623229864;790417;TABLILLA PARA MOLD. MDF 4880x70x17 MM;880;5,11
3623254428;790417;TABLILLA PARA MOLD. MDF 4880x70x17 MM;368;2,137
3623259429;790417;TABLILLA PARA MOLD. MDF 4880x70x17 MM;780;4,53
3623259725;790417;TABLILLA PARA MOLD. MDF 4880x70x17 MM;759;4,408
3623266723;790417;TABLILLA PARA MOLD. MDF 4880x70x17 MM;780;4,53
3623269216;790417;TABLILLA PARA MOLD. MDF 4880x70x17 MM;800;4,646
3623269854;790417;TABLILLA PARA MOLD. MDF 4880x70x17 MM;51;0,296
3623276583;790417;TABLILLA PARA MOLD. MDF 4880x70x17 MM;736;4,274
3623280028;790417;TABLILLA PARA MOLD. MDF 4880x70x17 MM;864;5,017
3623280058;790417;TABLILLA PARA MOLD. MDF 4880x70x17 MM;60;0,348
3623280431;790417;TABLILLA PARA MOLD. MDF 4880x70x17 MM;273;1,585
3623282895;790417;TABLILLA PARA MOLD. MDF 4880x70x17 MM;175;1,016
3623289764;790417;TABLILLA PARA MOLD. MDF 4880x70x17 MM;816;4,739
3623289919;790417;TABLILLA PARA MOLD. MDF 4880x70x17 MM;800;4,646
3623290569;790417;TABLILLA PARA MOLD. MDF 4880x70x17 MM;158;0,918
3623294864;790417;TABLILLA PARA MOLD. MDF 4880x70x17 MM;810;4,704
3623295149;790417;TABLILLA PARA MOLD. MDF 4880x70x17 MM;848;4,925
3623295788;790417;TABLILLA PARA MOLD. MDF 4880x70x17 MM;310;1,8
3623194102;790426;TABLILLA PARA MOLD. MDF 4880x71x18 MM;60;0,374
3623249182;790426;TABLILLA PARA MOLD. MDF 4880x71x18 MM;879;5,488
3623259128;790426;TABLILLA PARA MOLD. MDF 4880x71x18 MM;105;0,655
3623260754;790426;TABLILLA PARA MOLD. MDF 4880x71x18 MM;680;4,241
3623267249;790426;TABLILLA PARA MOLD. MDF 4880x71x18 MM;460;2,869
3623268467;790426;TABLILLA PARA MOLD. MDF 4880x71x18 MM;848;5,289
3623268746;790426;TABLILLA PARA MOLD. MDF 4880x71x18 MM;378;2,357
3623285200;790426;TABLILLA PARA MOLD. MDF 4880x71x18 MM;400;2,495
3623298425;790426;TABLILLA PARA MOLD. MDF 4880x71x18 MM;496;3,093
3623143448;790489;TABLILLA PARA MOLD. MDF 4880x84x12 MM;240;1,181
3623299502;790489;TABLILLA PARA MOLD. MDF 4880x84x12 MM;1106;5,44
3623299840;790489;TABLILLA PARA MOLD. MDF 4880x84x12 MM;424;2,086
3623301718;790489;TABLILLA PARA MOLD. MDF 4880x84x12 MM;1120;5,509
3623301931;790489;TABLILLA PARA MOLD. MDF 4880x84x12 MM;1092;5,372
3623302506;790489;TABLILLA PARA MOLD. MDF 4880x84x12 MM;1106;5,44
3623302741;790489;TABLILLA PARA MOLD. MDF 4880x84x12 MM;1078;5,303
3623302870;790489;TABLILLA PARA MOLD. MDF 4880x84x12 MM;520;2,558
3623183630;790490;TABLILLA PARA MOLD. MDF 4880x84x14 MM;153;0,878
3623235356;790490;TABLILLA PARA MOLD. MDF 4880x84x14 MM;111;0,637
3623274958;790490;TABLILLA PARA MOLD. MDF 4880x84x14 MM;425;2,439
3623275059;790490;TABLILLA PARA MOLD. MDF 4880x84x14 MM;111;0,637
3623276363;790490;TABLILLA PARA MOLD. MDF 4880x84x14 MM;336;1,928
3623279403;790490;TABLILLA PARA MOLD. MDF 4880x84x14 MM;93;0,534
3623283070;790490;TABLILLA PARA MOLD. MDF 4880x84x14 MM;420;2,41
3623286873;790490;TABLILLA PARA MOLD. MDF 4880x84x14 MM;232;1,331
3623297774;790490;TABLILLA PARA MOLD. MDF 4880x84x14 MM;258;1,481
3623298087;790490;TABLILLA PARA MOLD. MDF 4880x84x14 MM;585;3,357
3623273925;790538;TABLILLA PARA MOLD. MDF 4880x90x12 MM;221;1,165
3623283411;790538;TABLILLA PARA MOLD. MDF 4880x90x12 MM;598;3,152
3623294869;790538;TABLILLA PARA MOLD. MDF 4880x90x12 MM;830;4,374
3623295154;790538;TABLILLA PARA MOLD. MDF 4880x90x12 MM;897;4,728
3623295342;790538;TABLILLA PARA MOLD. MDF 4880x90x12 MM;604;3,183
3623252078;790541;TABLILLA PARA MOLD. MDF 4880x90x17 MM;364;2,718
3623253543;790541;TABLILLA PARA MOLD. MDF 4880x90x17 MM;168;1,254
3623262384;790541;TABLILLA PARA MOLD. MDF 4880x90x17 MM;344;2,568
3623264269;790541;TABLILLA PARA MOLD. MDF 4880x90x17 MM;1;0,007
3623265246;790541;TABLILLA PARA MOLD. MDF 4880x90x17 MM;238;1,777
3623269329;790541;TABLILLA PARA MOLD. MDF 4880x90x17 MM;144;1,075
3623269559;790541;TABLILLA PARA MOLD. MDF 4880x90x17 MM;506;3,778
3623269621;790541;TABLILLA PARA MOLD. MDF 4880x90x17 MM;247;1,844
3623270008;790541;TABLILLA PARA MOLD. MDF 4880x90x17 MM;628;4,689
3623270122;790541;TABLILLA PARA MOLD. MDF 4880x90x17 MM;767;5,727
3623270353;790541;TABLILLA PARA MOLD. MDF 4880x90x17 MM;554;4,136
3623271826;790541;TABLILLA PARA MOLD. MDF 4880x90x17 MM;200;1,493
3623272916;790541;TABLILLA PARA MOLD. MDF 4880x90x17 MM;481;3,591
3623275086;790541;TABLILLA PARA MOLD. MDF 4880x90x17 MM;96;0,717
3623302400;790541;TABLILLA PARA MOLD. MDF 4880x90x17 MM;429;3,203
3623302580;790541;TABLILLA PARA MOLD. MDF 4880x90x17 MM;403;3,009
3623281354;790542;TABLILLA PARA MOLD. MDF 4880x90x18 MM;420;3,32
3623292193;790542;TABLILLA PARA MOLD. MDF 4880x90x18 MM;34;0,269
3623302318;790542;TABLILLA PARA MOLD. MDF 4880x90x18 MM;424;3,352
3623190428;790545;TABLILLA PARA MOLD. MDF 4880x90x25 MM;98;1,076
3623286542;790545;TABLILLA PARA MOLD. MDF 4880x90x25 MM;35;0,384
3623301734;790545;TABLILLA PARA MOLD. MDF 4880x90x25 MM;175;1,922
3623247188;1034265;MOL°S4S E2E 234A PP KH 5185x57x15/510;6;0,027
3623247282;1034265;MOL°S4S E2E 234A PP KH 5185x57x15/510;6;0,027
3623223753;1754499;MOL°BASE M0655D PP ME 4270x130,18x12/HC;24;0,16
3623193249;1803414;MOL°BASE 387MUL-7 PP ME 4880x184x12/HC_1;8;0,086
3623192452;1822841;MOL°BASE B314 PP EE 4880x82,74x14/HC360;12;0,068
NU41698;Excedentes;11-91-4880;143;0,69853784
NU41624;Excedentes;12-24-4880;156;0,21924864
NU41696;Excedentes;12-24-3660;705;0,7431264
NU41665;Excedentes;12-30-4880;1140;2,002752
NU41672;Excedentes;12-84-4880;336;1,65279744
NU41621;Excedentes;12-84-4880;224;1,10186496
NU41613;Excedentes;12-91-4880;390;2,0782944
NU41664;Excedentes;12-109-4880;132;0,84256128
NU41608;Excedentes;12-109-4880;242;1,54469568
NU41629;Excedentes;12-110-4880;198;1,2754368
NU41650;Excedentes;12-148-4880;186;1,61203968
NU41658;Excedentes;14-30-4880;340;0,696864
NU41604;Excedentes;14-84-4880;252;1,44619776
NU41653;Excedentes;14-91-4880;96;0,59684352
NU41695;Excedentes;14-91-4880;111;0,69010032
NU41602;Excedentes;14-91-4880;364;2,26303168
NU41614;Excedentes;14-91-4880;156;0,96987072
NU41620;Excedentes;14-91-4880;154;0,95743648
NU41635;Excedentes;14-91-4880;416;2,58632192
NU41638;Excedentes;14-91-4880;312;1,93974144
NU41654;Excedentes;14-109-4880;510;3,7979088
NU41625;Excedentes;14-120-4880;122;1,0002048
NU41699;Excedentes;14-130-4880;135;1,199016
NU41673;Excedentes;15-30-4880;540;1,18584
NU41605;Excedentes;15-71-4880;448;2,3283456
NU41610;Excedentes;15-85-4270;644;3,506097
NU41669;Excedentes;15-91-4880;104;0,6927648
NU41678;Excedentes;15-91-4880;195;1,298934
NU41680;Excedentes;15-91-4880;140;0,932568
NU41603;Excedentes;15-91-4880;91;0,6061692
NU41612;Excedentes;15-91-4880;130;0,865956
NU41619;Excedentes;15-91-4880;143;0,9525516
NU41626;Excedentes;15-91-4880;273;1,8185076
NU41622;Excedentes;15-109-4880;99;0,7899012
NU41668;Excedentes;17-71-4880;656;3,86394496
NU41671;Excedentes;17-71-4880;48;0,28272768
NU41611;Excedentes;17-74-4880;272;1,66981888
NU41675;Excedentes;17-84-4880;400;2,787456
NU41628;Excedentes;17-85-4880;126;0,8885016
NU41627;Excedentes;17-100-4880;253;2,098888
NU41697;Excedentes;17-120-4880;170;1,692384
NU41639;Excedentes;17-144-4880;216;2,58038784
NU41601;Excedentes;17-186-4880;66;1,01841696
NU41617;Excedentes;17-186-4880;63;0,97212528
NU41692;Excedentes;17-240-4880;40;0,796416
NU41694;Excedentes;17-242-4880;160;3,2122112
NU41693;Excedentes;17-277-4880;80;1,8383936
NU41657;Excedentes;17-386-4880;24;0,76854144
NU41651;Excedentes;18-71-4880;680;4,2409152
NU41663;Excedentes;18-72-4880;896;5,66673408
NU41618;Excedentes;18-90-4570;117;0,8661978
NU41630;Excedentes;18-135-4880;225;2,66814
NU41674;Excedentes;20-71-4880;96;0,6652416
NU41660;Excedentes;20-90-5185;192;1,791936
NU41609;Excedentes;20-91-4880;130;1,154608
NU41676;Excedentes;20-130-4880;270;3,42576
NU41681;Excedentes;25-71-4880;170;1,47254
NU41623;Excedentes;25-91-4880;91;1,010282
NU41659;Excedentes;25-150-5185;48;0,9333
NU41683;Excedentes;28-135-4880;126;2,3242464
NU41600;Excedentes;30-91-4880;104;1,3855296
NU41656;Excedentes;34-28-4880;160;0,7433216
